data_compra;id_compra;loja;vendedor;produto;cliente_nome;cliente_genero;hora_compra;quantidade;valor_total;forma_pagamento
2025-09-19;74;Belo Horizonte;Ana Paula;Notebook;Kelley Babcock;Masculino;12:08:39;4;14000,0;Boleto
2025-09-19;633;São Paulo;Aline Maria;Fone de Ouvido;Harry Vogel;Masculino;14:09:43;1;250,0;Dinheiro
2025-09-19;1633;Rio de Janeiro;Bruno Costa;Smartwatch;Bernard Yerkovich;Feminino;13:03:50;5;4000,0;Cartão de Crédito
2025-09-20;693;Rio de Janeiro;Carla Souza;Smartphone;Julie Rios;Feminino;04:39:43;1;1500,0;Pix
2025-09-21;924;Belo Horizonte;Fernando Alves;Smartwatch;Eric Rivera;Masculino;09:44:44;4;3200,0;Pix
2025-09-21;1532;Belo Horizonte;Ana Paula;Tablet;Kenton Medina;Feminino;01:01:49;1;1200,0;Pix
2025-09-22;207;Salvador;Thiago Pereira;Smartphone;Sandra Harris;Masculino;11:41:40;3;4500,0;Dinheiro
2025-09-22;536;Belo Horizonte;Fernando Alves;Smartwatch;Robert Barth;Masculino;02:48:42;3;2400,0;Boleto
2025-09-22;579;São Paulo;Lucas Silva;Smartphone;Kenneth Shults;Feminino;02:37:42;3;4500,0;Pix
2025-09-22;1007;São Paulo;Aline Maria;Notebook;Frank Starrick;Masculino;21:15:45;5;17500,0;Boleto
2025-09-22;1042;Salvador;Juliana Santos;Tablet;Joseph Duncan;Feminino;20:05:45;3;3600,0;Dinheiro
2025-09-22;1096;Rio de Janeiro;Bruno Costa;Notebook;Alton Burditt;Feminino;14:02:46;1;3500,0;Boleto
2025-09-22;1781;Belo Horizonte;Fernando Alves;Tablet;Jay Smith;Feminino;09:20:51;5;6000,0;Cartão de Crédito
2025-09-22;1961;Rio de Janeiro;Carla Souza;Fone de Ouvido;Marilyn Souza;Feminino;21:19:51;5;1250,0;Boleto
2025-09-23;431;Rio de Janeiro;Carla Souza;Fone de Ouvido;Ruth Carrington;Masculino;00:13:41;3;750,0;Pix
2025-09-23;442;Belo Horizonte;Fernando Alves;Notebook;Sean Marsh;Feminino;07:39:41;2;7000,0;Cartão de Crédito
2025-09-23;623;Rio de Janeiro;Bruno Costa;Fone de Ouvido;Joyce Consla;Feminino;04:34:43;5;1250,0;Boleto
2025-09-23;673;Salvador;Thiago Pereira;Smartphone;James Reeve;Feminino;02:57:43;4;6000,0;Dinheiro
2025-09-23;930;Porto Alegre;Rafael Oliveira;Notebook;Priscilla Santoro;Masculino;11:01:45;2;7000,0;Cartão de Crédito
2025-09-23;972;Belo Horizonte;Fernando Alves;Smartphone;Cynthia Rogers;Feminino;02:05:45;4;6000,0;Boleto
2025-09-23;998;Belo Horizonte;Fernando Alves;Smartwatch;Carmelo Paul;Masculino;13:23:45;5;4000,0;Pix
2025-09-23;1227;Rio de Janeiro;Carla Souza;Notebook;Kerry Skinner;Masculino;05:06:47;4;14000,0;Pix
2025-09-23;1525;Salvador;Thiago Pereira;Notebook;Kimberly Mellett;Masculino;05:10:49;5;17500,0;Dinheiro
2025-09-24;266;Belo Horizonte;Ana Paula;Smartphone;Steven Kuhr;Masculino;09:38:40;4;6000,0;Dinheiro
2025-09-24;389;Porto Alegre;Rafael Oliveira;Smartphone;Jacqueline Skorupa;Masculino;23:13:41;1;1500,0;Pix
2025-09-24;484;Salvador;Juliana Santos;Fone de Ouvido;Edward Lindblom;Feminino;08:02:42;4;1000,0;Boleto
2025-09-24;664;Porto Alegre;Mariana Lima;Tablet;Joshua Eliason;Feminino;07:22:43;5;6000,0;Pix
2025-09-24;1161;Belo Horizonte;Ana Paula;Fone de Ouvido;Danielle Espinoza;Masculino;06:16:46;4;1000,0;Cartão de Crédito
2025-09-24;1885;Rio de Janeiro;Carla Souza;Notebook;Kenneth Richardson;Masculino;03:33:51;5;17500,0;Dinheiro
2025-09-25;1099;Belo Horizonte;Fernando Alves;Tablet;Wayne Landry;Masculino;08:02:46;4;4800,0;Pix
2025-09-25;1179;Rio de Janeiro;Bruno Costa;Tablet;Esther Woodard;Feminino;08:09:47;2;2400,0;Dinheiro
2025-09-25;1453;Salvador;Juliana Santos;Notebook;Charles Lloyd;Feminino;13:03:49;4;14000,0;Pix
2025-09-25;1836;Rio de Janeiro;Carla Souza;Smartphone;Barbara Mendoza;Feminino;22:55:51;2;3000,0;Boleto
2025-09-25;1853;São Paulo;Aline Maria;Notebook;Josephine Scott;Feminino;16:11:51;4;14000,0;Pix
2025-09-26;96;São Paulo;Lucas Silva;Smartphone;Vickie Cotton;Feminino;05:20:39;1;1500,0;Boleto
2025-09-26;372;Salvador;Thiago Pereira;Fone de Ouvido;Elizabeth Miles;Feminino;07:01:41;1;250,0;Cartão de Crédito
2025-09-26;1141;Rio de Janeiro;Carla Souza;Smartphone;Joesph Mays;Masculino;22:57:46;1;1500,0;Cartão de Crédito
2025-09-26;1192;Belo Horizonte;Fernando Alves;Tablet;Jeanette Love;Masculino;12:51:47;4;4800,0;Cartão de Crédito
2025-09-26;1549;Belo Horizonte;Fernando Alves;Tablet;Janice Richards;Feminino;12:50:49;4;4800,0;Boleto
2025-09-27;488;Rio de Janeiro;Carla Souza;Tablet;Sandra Baker;Feminino;13:18:42;2;2400,0;Dinheiro
2025-09-27;1113;Belo Horizonte;Fernando Alves;Notebook;Karen Canon;Feminino;21:29:46;1;3500,0;Pix
2025-09-27;1637;Porto Alegre;Rafael Oliveira;Smartphone;Tammy Her;Masculino;23:17:50;3;4500,0;Boleto
2025-09-27;1719;Salvador;Thiago Pereira;Fone de Ouvido;James Roughton;Masculino;05:17:50;5;1250,0;Boleto
2025-09-27;1828;Porto Alegre;Rafael Oliveira;Smartwatch;Bonnie Sanges;Feminino;00:31:51;2;1600,0;Pix
2025-09-27;1956;Porto Alegre;Rafael Oliveira;Smartwatch;Dana King;Feminino;09:08:51;1;800,0;Pix
2025-09-28;267;Porto Alegre;Rafael Oliveira;Tablet;Laura Irving;Masculino;19:34:40;3;3600,0;Cartão de Crédito
2025-09-28;289;Porto Alegre;Mariana Lima;Smartphone;Virginia Pritchard;Feminino;22:38:41;5;7500,0;Cartão de Crédito
2025-09-29;205;Rio de Janeiro;Bruno Costa;Fone de Ouvido;Gertrude Farabaugh;Feminino;23:06:40;4;1000,0;Cartão de Crédito
2025-09-29;592;São Paulo;Lucas Silva;Tablet;Tracey Mcallen;Feminino;18:27:42;1;1200,0;Boleto
2025-09-29;606;Porto Alegre;Rafael Oliveira;Fone de Ouvido;Norma Remmers;Masculino;05:15:42;4;1000,0;Dinheiro
2025-09-29;872;Porto Alegre;Mariana Lima;Fone de Ouvido;Sue Miller;Masculino;01:13:44;2;500,0;Cartão de Crédito
2025-09-29;889;Salvador;Thiago Pereira;Smartwatch;Robert Thompson;Feminino;21:36:44;4;3200,0;Boleto
2025-09-29;1791;Porto Alegre;Mariana Lima;Smartphone;Irene Ness;Masculino;05:41:51;5;7500,0;Dinheiro
2025-09-29;1878;Belo Horizonte;Ana Paula;Fone de Ouvido;Julio Ammons;Feminino;22:23:51;1;250,0;Pix
2025-09-29;1932;Porto Alegre;Rafael Oliveira;Fone de Ouvido;Deanne Bonner;Feminino;00:55:51;2;500,0;Boleto
2025-09-30;336;Porto Alegre;Rafael Oliveira;Tablet;Sylvia Sutton;Feminino;13:58:41;2;2400,0;Boleto
2025-09-30;577;Salvador;Thiago Pereira;Fone de Ouvido;Joseph Hester;Masculino;00:41:42;5;1250,0;Dinheiro
2025-09-30;1008;Salvador;Thiago Pereira;Fone de Ouvido;Michael Lewis;Masculino;09:40:45;3;750,0;Cartão de Crédito
2025-09-30;1139;Belo Horizonte;Ana Paula;Tablet;Nancy Larish;Feminino;05:22:46;5;6000,0;Dinheiro
2025-09-30;1422;Belo Horizonte;Ana Paula;Smartphone;Crystal Moua;Feminino;12:02:48;1;1500,0;Pix
2025-09-30;1604;Porto Alegre;Rafael Oliveira;Smartphone;Julie Schneider;Masculino;13:33:50;1;1500,0;Cartão de Crédito
2025-10-01;900;Porto Alegre;Rafael Oliveira;Smartwatch;Linda Forbes;Feminino;10:27:44;1;800,0;Dinheiro
2025-10-01;1330;Porto Alegre;Mariana Lima;Smartwatch;Donald Cardenas;Feminino;15:09:48;3;2400,0;Boleto
2025-10-01;1351;Porto Alegre;Rafael Oliveira;Fone de Ouvido;Martha Sanders;Feminino;16:35:48;4;1000,0;Pix
2025-10-01;1472;Porto Alegre;Rafael Oliveira;Notebook;Pedro Jordan;Feminino;16:06:49;4;14000,0;Boleto
2025-10-01;1701;Rio de Janeiro;Carla Souza;Notebook;Francis Lester;Masculino;10:59:50;2;7000,0;Dinheiro
2025-10-01;1785;Porto Alegre;Rafael Oliveira;Smartphone;Twila Lee;Feminino;18:44:51;5;7500,0;Pix
2025-10-01;1802;Porto Alegre;Rafael Oliveira;Fone de Ouvido;Robert Frasher;Feminino;01:26:51;4;1000,0;Cartão de Crédito
2025-10-02;798;Rio de Janeiro;Carla Souza;Smartwatch;Marlon Keim;Masculino;03:55:44;5;4000,0;Cartão de Crédito
2025-10-02;1430;Rio de Janeiro;Carla Souza;Smartwatch;Adrienne Fisher;Feminino;11:59:48;1;800,0;Cartão de Crédito
2025-10-02;1499;Salvador;Juliana Santos;Smartphone;Blake Utley;Masculino;09:36:49;4;6000,0;Boleto
2025-10-02;1874;Salvador;Juliana Santos;Smartwatch;Cindy Hamlin;Masculino;02:27:51;4;3200,0;Boleto
2025-10-02;1999;Porto Alegre;Rafael Oliveira;Notebook;Christopher Biasi;Feminino;19:24:52;2;7000,0;Pix
2025-10-03;106;São Paulo;Lucas Silva;Smartwatch;Allison Choi;Masculino;17:41:39;1;800,0;Cartão de Crédito
2025-10-03;506;Porto Alegre;Rafael Oliveira;Fone de Ouvido;Paul Burkhart;Masculino;00:07:42;2;500,0;Cartão de Crédito
2025-10-03;1479;Rio de Janeiro;Carla Souza;Notebook;Katherine Richardson;Masculino;17:53:49;1;3500,0;Boleto
2025-10-03;1488;Belo Horizonte;Fernando Alves;Fone de Ouvido;Jenifer Harkins;Feminino;14:42:49;1;250,0;Dinheiro
2025-10-03;1509;Rio de Janeiro;Bruno Costa;Notebook;Carla Thomas;Feminino;11:10:49;1;3500,0;Boleto
2025-10-03;1708;Belo Horizonte;Fernando Alves;Tablet;Chase Pereyda;Feminino;02:19:50;3;3600,0;Cartão de Crédito
2025-10-04;20;Belo Horizonte;Fernando Alves;Smartphone;Stephanie Baranowski;Feminino;22:01:39;4;6000,0;Boleto
2025-10-04;766;São Paulo;Aline Maria;Tablet;Linda Gainey;Feminino;05:07:44;3;3600,0;Pix
2025-10-04;1313;Belo Horizonte;Fernando Alves;Fone de Ouvido;Stuart Mccann;Feminino;22:11:48;1;250,0;Pix
2025-10-04;1806;Salvador;Juliana Santos;Tablet;Joyce Schutz;Masculino;13:04:51;2;2400,0;Dinheiro
2025-10-05;129;Salvador;Thiago Pereira;Smartwatch;Paula Gomez;Masculino;19:34:40;2;1600,0;Cartão de Crédito
2025-10-05;195;Rio de Janeiro;Bruno Costa;Notebook;Mike Scoggins;Feminino;03:56:40;4;14000,0;Dinheiro
2025-10-05;492;Porto Alegre;Mariana Lima;Smartwatch;Kyle Wishart;Feminino;03:00:42;1;800,0;Boleto
2025-10-05;505;Porto Alegre;Rafael Oliveira;Tablet;Isaac Henry;Feminino;00:34:42;4;4800,0;Dinheiro
2025-10-05;601;São Paulo;Aline Maria;Notebook;Lillian Saling;Feminino;16:50:42;5;17500,0;Pix
2025-10-05;715;Rio de Janeiro;Bruno Costa;Tablet;Freddie Hamm;Feminino;21:34:43;3;3600,0;Dinheiro
2025-10-05;1484;Salvador;Juliana Santos;Fone de Ouvido;Steven Rule;Masculino;12:58:49;2;500,0;Dinheiro
2025-10-05;1628;Porto Alegre;Rafael Oliveira;Smartwatch;Elmer Steckler;Masculino;23:57:50;4;3200,0;Pix
2025-10-06;725;Salvador;Juliana Santos;Tablet;Richard Cruce;Masculino;19:20:43;4;4800,0;Dinheiro
2025-10-06;1210;São Paulo;Aline Maria;Notebook;Gary Hill;Feminino;04:51:47;1;3500,0;Pix
2025-10-06;1875;Rio de Janeiro;Carla Souza;Smartwatch;Cassie Cantu;Masculino;04:55:51;2;1600,0;Cartão de Crédito
2025-10-06;1915;Porto Alegre;Rafael Oliveira;Fone de Ouvido;Lois Garcia;Masculino;04:46:51;3;750,0;Cartão de Crédito
2025-10-06;1923;Rio de Janeiro;Bruno Costa;Smartphone;William Anderson;Masculino;22:10:51;5;7500,0;Cartão de Crédito
2025-10-07;186;Porto Alegre;Rafael Oliveira;Notebook;Jacqulyn Stanton;Masculino;00:21:40;3;10500,0;Pix
2025-10-07;588;Rio de Janeiro;Carla Souza;Smartphone;Kevin Nugent;Masculino;06:40:42;1;1500,0;Boleto
2025-10-07;1215;Salvador;Juliana Santos;Notebook;Patrick Tucker;Masculino;11:21:47;5;17500,0;Dinheiro
2025-10-07;1317;São Paulo;Aline Maria;Smartphone;Robert Cooke;Masculino;13:16:48;5;7500,0;Pix
2025-10-07;1553;Rio de Janeiro;Carla Souza;Notebook;Pamela Penner;Masculino;19:22:49;3;10500,0;Cartão de Crédito
2025-10-07;1579;Rio de Janeiro;Carla Souza;Smartwatch;Eliza Wright;Masculino;03:30:49;5;4000,0;Boleto
2025-10-07;1768;Belo Horizonte;Fernando Alves;Tablet;Fred Mcnicholas;Masculino;15:59:50;4;4800,0;Boleto
2025-10-08;139;Porto Alegre;Rafael Oliveira;Tablet;Blaine Lewis;Feminino;14:36:40;1;1200,0;Cartão de Crédito
2025-10-08;1012;Salvador;Thiago Pereira;Tablet;Gary Kuehl;Masculino;08:46:45;2;2400,0;Dinheiro
2025-10-08;1102;Rio de Janeiro;Bruno Costa;Tablet;Stephen Dawson;Masculino;14:03:46;1;1200,0;Cartão de Crédito
2025-10-08;1393;Rio de Janeiro;Bruno Costa;Notebook;Lillian Lopez;Feminino;07:16:48;4;14000,0;Boleto
2025-10-08;1419;Rio de Janeiro;Carla Souza;Fone de Ouvido;Mary Anderson;Masculino;00:27:48;2;500,0;Pix
2025-10-08;1910;Porto Alegre;Mariana Lima;Fone de Ouvido;Doris Martinez;Masculino;04:17:51;3;750,0;Boleto
2025-10-09;76;Porto Alegre;Mariana Lima;Notebook;Frank Febres;Masculino;17:18:39;5;17500,0;Dinheiro
2025-10-09;254;Salvador;Juliana Santos;Smartwatch;Dixie Hess;Feminino;12:33:40;3;2400,0;Pix
2025-10-09;742;Porto Alegre;Rafael Oliveira;Notebook;Jose Hays;Feminino;05:23:43;1;3500,0;Cartão de Crédito
2025-10-09;799;São Paulo;Aline Maria;Smartwatch;Richard Davis;Masculino;16:59:44;4;3200,0;Boleto
2025-10-09;846;Porto Alegre;Rafael Oliveira;Tablet;Tony Heston;Feminino;16:18:44;5;6000,0;Dinheiro
2025-10-09;1038;Porto Alegre;Mariana Lima;Smartphone;Robert Hyman;Feminino;09:09:45;5;7500,0;Pix
2025-10-09;1461;Rio de Janeiro;Carla Souza;Notebook;Horace Nixon;Feminino;03:08:49;3;10500,0;Boleto
2025-10-10;563;Salvador;Thiago Pereira;Smartphone;James Parker;Masculino;18:01:42;1;1500,0;Cartão de Crédito
2025-10-10;719;Rio de Janeiro;Bruno Costa;Notebook;Dante Houston;Masculino;05:59:43;1;3500,0;Boleto
2025-10-10;784;Salvador;Thiago Pereira;Tablet;Thomas Snyder;Masculino;17:03:44;5;6000,0;Cartão de Crédito
2025-10-10;1232;Belo Horizonte;Ana Paula;Smartwatch;Vicky Fico;Masculino;15:45:47;3;2400,0;Pix
2025-10-10;1963;Belo Horizonte;Fernando Alves;Fone de Ouvido;Ivan Campbell;Masculino;03:38:52;2;500,0;Cartão de Crédito
2025-10-11;145;São Paulo;Lucas Silva;Notebook;Laurie Barfield;Feminino;03:04:40;3;10500,0;Dinheiro
2025-10-11;1585;Rio de Janeiro;Carla Souza;Notebook;Michele Rose;Masculino;21:42:49;2;7000,0;Dinheiro
2025-10-11;1805;Porto Alegre;Rafael Oliveira;Fone de Ouvido;Michael Osborne;Masculino;06:38:51;3;750,0;Boleto
2025-10-11;1978;Rio de Janeiro;Bruno Costa;Fone de Ouvido;James Jennings;Feminino;17:02:52;2;500,0;Dinheiro
2025-10-12;23;Salvador;Juliana Santos;Smartwatch;Jerry Schuster;Masculino;01:10:39;4;3200,0;Boleto
2025-10-12;265;Rio de Janeiro;Carla Souza;Tablet;Richard Villa;Feminino;02:13:40;2;2400,0;Boleto
2025-10-12;329;Belo Horizonte;Ana Paula;Tablet;Sean Cole;Masculino;10:40:41;4;4800,0;Dinheiro
2025-10-12;388;Rio de Janeiro;Bruno Costa;Notebook;Maryann Cooper;Feminino;06:53:41;4;14000,0;Cartão de Crédito
2025-10-12;479;São Paulo;Lucas Silva;Fone de Ouvido;John Mode;Masculino;13:14:42;1;250,0;Dinheiro
2025-10-12;899;Salvador;Thiago Pereira;Notebook;Gail Brown;Feminino;21:01:44;5;17500,0;Boleto
2025-10-12;904;Porto Alegre;Rafael Oliveira;Notebook;Antonio Mccaskill;Feminino;11:15:44;1;3500,0;Pix
2025-10-13;473;São Paulo;Lucas Silva;Tablet;Tiffany Frerichs;Feminino;05:46:42;1;1200,0;Pix
2025-10-13;714;Rio de Janeiro;Bruno Costa;Smartphone;Tasha Peterson;Feminino;07:05:43;5;7500,0;Dinheiro
2025-10-13;1342;Salvador;Thiago Pereira;Smartphone;James Rowell;Masculino;22:00:48;2;3000,0;Pix
2025-10-13;1411;Salvador;Juliana Santos;Fone de Ouvido;Shamika Sheahan;Feminino;05:02:48;1;250,0;Boleto
2025-10-13;1809;Porto Alegre;Mariana Lima;Smartwatch;Jonathon Aguas;Masculino;02:48:51;2;1600,0;Boleto
2025-10-13;1950;São Paulo;Aline Maria;Smartphone;Gloria Brown;Feminino;08:52:51;1;1500,0;Dinheiro
2025-10-14;312;Porto Alegre;Rafael Oliveira;Smartwatch;Walter Wise;Feminino;20:39:41;5;4000,0;Dinheiro
2025-10-14;639;Rio de Janeiro;Carla Souza;Smartwatch;Ana Haza;Feminino;12:06:43;3;2400,0;Dinheiro
2025-10-14;1233;Belo Horizonte;Ana Paula;Notebook;Carole Bloomer;Masculino;14:02:47;1;3500,0;Cartão de Crédito
2025-10-14;1477;Salvador;Thiago Pereira;Smartwatch;Robert Hiemstra;Masculino;00:11:49;3;2400,0;Pix
2025-10-14;1989;São Paulo;Aline Maria;Fone de Ouvido;Gwen Muniz;Masculino;04:17:52;4;1000,0;Pix
2025-10-15;734;Rio de Janeiro;Bruno Costa;Smartphone;Edna Palmer;Feminino;14:54:43;4;6000,0;Pix
2025-10-15;1763;Belo Horizonte;Ana Paula;Notebook;Robert Brockman;Masculino;20:54:50;3;10500,0;Boleto
2025-10-16;137;São Paulo;Lucas Silva;Tablet;Ann Roach;Feminino;08:24:40;2;2400,0;Dinheiro
2025-10-16;184;Salvador;Thiago Pereira;Tablet;Thresa Malcolm;Masculino;12:06:40;3;3600,0;Cartão de Crédito
2025-10-16;395;Salvador;Thiago Pereira;Tablet;Tabatha Barthelemy;Feminino;19:48:41;3;3600,0;Boleto
2025-10-16;1005;Salvador;Thiago Pereira;Fone de Ouvido;John Mckinney;Feminino;16:33:45;3;750,0;Pix
2025-10-16;1294;São Paulo;Lucas Silva;Smartwatch;Allen Jones;Feminino;13:37:48;1;800,0;Dinheiro
2025-10-16;1344;Porto Alegre;Rafael Oliveira;Smartwatch;Francis Obryant;Masculino;06:28:48;1;800,0;Dinheiro
2025-10-16;1572;Salvador;Juliana Santos;Tablet;Michael Pacini;Feminino;02:35:49;1;1200,0;Cartão de Crédito
2025-10-17;142;São Paulo;Aline Maria;Fone de Ouvido;Meghan Lee;Masculino;16:22:40;5;1250,0;Boleto
2025-10-17;748;São Paulo;Lucas Silva;Fone de Ouvido;David Maher;Masculino;17:15:43;5;1250,0;Boleto
2025-10-17;1109;Rio de Janeiro;Carla Souza;Tablet;David Reid;Masculino;05:43:46;5;6000,0;Cartão de Crédito
2025-10-17;1854;Salvador;Thiago Pereira;Smartphone;Barbara Macqueen;Feminino;15:07:51;2;3000,0;Dinheiro
2025-10-17;1930;Belo Horizonte;Fernando Alves;Smartwatch;Ofelia Dodds;Feminino;12:55:51;1;800,0;Pix
2025-10-17;1944;Belo Horizonte;Fernando Alves;Fone de Ouvido;William Beckman;Feminino;06:32:51;3;750,0;Dinheiro
2025-10-18;14;Porto Alegre;Rafael Oliveira;Smartwatch;William Vaughn;Feminino;15:00:39;1;800,0;Pix
2025-10-18;363;Porto Alegre;Mariana Lima;Smartwatch;Christy Ortiz;Masculino;14:55:41;3;2400,0;Dinheiro
2025-10-18;482;Porto Alegre;Rafael Oliveira;Tablet;Matthew Berkley;Feminino;05:11:42;1;1200,0;Boleto
2025-10-18;1065;São Paulo;Lucas Silva;Smartwatch;Marilyn Blevins;Masculino;03:40:45;2;1600,0;Pix
2025-10-18;1254;Porto Alegre;Mariana Lima;Tablet;Michael Jennings;Masculino;19:54:47;3;3600,0;Boleto
2025-10-18;1892;Porto Alegre;Mariana Lima;Notebook;Michael Cegielski;Feminino;10:20:51;4;14000,0;Cartão de Crédito
2025-10-19;115;Salvador;Thiago Pereira;Notebook;Norma Payne;Feminino;13:21:39;1;3500,0;Cartão de Crédito
2025-10-19;253;Belo Horizonte;Ana Paula;Tablet;Graciela Labelle;Feminino;15:50:40;4;4800,0;Cartão de Crédito
2025-10-19;1036;Porto Alegre;Rafael Oliveira;Notebook;Robert Mitchell;Feminino;23:46:45;1;3500,0;Cartão de Crédito
2025-10-20;185;Belo Horizonte;Ana Paula;Smartphone;Jerilyn Tobias;Masculino;07:40:40;3;4500,0;Dinheiro
2025-10-20;200;Porto Alegre;Mariana Lima;Tablet;Brandon Perez;Masculino;11:26:40;2;2400,0;Boleto
2025-10-20;340;Porto Alegre;Rafael Oliveira;Notebook;Frances Valenzuela;Masculino;23:59:41;4;14000,0;Boleto
2025-10-20;888;Salvador;Juliana Santos;Fone de Ouvido;Benjamin Patterson;Feminino;01:55:44;4;1000,0;Boleto
2025-10-20;1272;Porto Alegre;Mariana Lima;Tablet;Vincent Wilson;Masculino;19:30:47;3;3600,0;Cartão de Crédito
2025-10-20;1320;Belo Horizonte;Ana Paula;Fone de Ouvido;David Giller;Feminino;21:48:48;3;750,0;Pix
2025-10-20;1448;Salvador;Juliana Santos;Fone de Ouvido;Vicki Matheis;Masculino;22:12:49;2;500,0;Pix
2025-10-20;1886;Belo Horizonte;Ana Paula;Smartwatch;Terry Gutierrez;Masculino;13:53:51;2;1600,0;Pix
2025-10-20;1888;Porto Alegre;Rafael Oliveira;Notebook;John Lewis;Feminino;07:38:51;3;10500,0;Pix
2025-10-21;264;São Paulo;Aline Maria;Smartwatch;Wilfred Billingslea;Feminino;00:46:40;5;4000,0;Pix
2025-10-21;272;São Paulo;Lucas Silva;Smartwatch;Willie Mccall;Feminino;23:27:40;5;4000,0;Boleto
2025-10-21;354;São Paulo;Aline Maria;Smartwatch;Chaya Shaw;Feminino;19:34:41;4;3200,0;Pix
2025-10-21;738;Belo Horizonte;Ana Paula;Fone de Ouvido;Shanta Hardt;Feminino;01:27:43;3;750,0;Pix
2025-10-21;909;Belo Horizonte;Fernando Alves;Smartphone;David Jackson;Masculino;17:31:44;2;3000,0;Pix
2025-10-21;1245;Salvador;Juliana Santos;Notebook;Shannon Robare;Masculino;17:04:47;5;17500,0;Pix
2025-10-22;583;Rio de Janeiro;Carla Souza;Tablet;Todd Moreno;Feminino;02:01:42;1;1200,0;Cartão de Crédito
2025-10-22;1058;Belo Horizonte;Fernando Alves;Notebook;Ossie Blaydes;Masculino;11:00:45;1;3500,0;Dinheiro
2025-10-22;1093;Rio de Janeiro;Carla Souza;Notebook;Mark Walk;Masculino;10:16:46;2;7000,0;Cartão de Crédito
2025-10-23;709;São Paulo;Aline Maria;Smartwatch;John Grissom;Masculino;15:56:43;3;2400,0;Dinheiro
2025-10-23;975;Rio de Janeiro;Bruno Costa;Fone de Ouvido;Cynthia Igel;Feminino;21:33:45;5;1250,0;Cartão de Crédito
2025-10-23;1429;Salvador;Juliana Santos;Tablet;Kevin Fernandez;Masculino;14:41:48;3;3600,0;Cartão de Crédito
2025-10-23;1571;Rio de Janeiro;Carla Souza;Smartwatch;Clair Morgan;Feminino;05:45:49;5;4000,0;Cartão de Crédito
2025-10-23;1704;São Paulo;Lucas Silva;Smartwatch;Austin King;Feminino;20:14:50;2;1600,0;Dinheiro
2025-10-24;1947;Porto Alegre;Mariana Lima;Notebook;Scott Hagle;Feminino;01:03:51;5;17500,0;Cartão de Crédito
2025-10-25;72;Salvador;Juliana Santos;Smartwatch;Gerald Gilbert;Feminino;14:36:39;4;3200,0;Cartão de Crédito
2025-10-25;316;Porto Alegre;Rafael Oliveira;Tablet;Teresa Walker;Feminino;08:23:41;1;1200,0;Pix
2025-10-25;843;Rio de Janeiro;Carla Souza;Smartwatch;Robert Johnson;Masculino;22:54:44;2;1600,0;Dinheiro
2025-10-25;965;Porto Alegre;Rafael Oliveira;Smartphone;Mable Davis;Masculino;12:23:45;1;1500,0;Boleto
2025-10-25;1661;São Paulo;Aline Maria;Fone de Ouvido;Andrea Rioux;Feminino;04:57:50;2;500,0;Dinheiro
2025-10-25;1954;Belo Horizonte;Ana Paula;Smartphone;Rose Starling;Feminino;18:50:51;3;4500,0;Pix
2025-10-26;463;Salvador;Thiago Pereira;Tablet;Malcolm Hall;Masculino;12:22:41;2;2400,0;Pix
2025-10-26;464;Belo Horizonte;Fernando Alves;Fone de Ouvido;Phillip Domina;Feminino;04:17:41;1;250,0;Cartão de Crédito
2025-10-26;718;São Paulo;Lucas Silva;Fone de Ouvido;Flora Tomas;Masculino;19:23:43;1;250,0;Dinheiro
2025-10-26;882;São Paulo;Lucas Silva;Smartwatch;Christopher Bartz;Feminino;20:48:44;1;800,0;Dinheiro
2025-10-26;1064;São Paulo;Aline Maria;Notebook;Michael Long;Feminino;11:18:45;5;17500,0;Pix
2025-10-26;1152;São Paulo;Lucas Silva;Fone de Ouvido;Kevin Thompson;Masculino;19:53:46;5;1250,0;Cartão de Crédito
2025-10-26;1193;Rio de Janeiro;Carla Souza;Fone de Ouvido;Kimberly Green;Feminino;02:45:47;1;250,0;Boleto
2025-10-26;1203;São Paulo;Lucas Silva;Smartwatch;Margaret Kovacs;Feminino;21:38:47;2;1600,0;Pix
2025-10-26;1458;Belo Horizonte;Fernando Alves;Notebook;Louis Stark;Masculino;05:44:49;1;3500,0;Boleto
2025-10-26;1919;Belo Horizonte;Ana Paula;Notebook;Tracy Tewell;Masculino;19:58:51;4;14000,0;Dinheiro
2025-10-26;1991;São Paulo;Lucas Silva;Smartphone;Carolyn Sweeney;Masculino;05:14:52;4;6000,0;Cartão de Crédito
2025-10-27;551;Belo Horizonte;Fernando Alves;Fone de Ouvido;Genevie Guess;Masculino;23:18:42;2;500,0;Cartão de Crédito
2025-10-27;869;Belo Horizonte;Ana Paula;Smartwatch;Bethany Reed;Feminino;08:35:44;3;2400,0;Dinheiro
2025-10-27;1454;São Paulo;Aline Maria;Tablet;Robert Barboza;Feminino;23:55:49;5;6000,0;Pix
2025-10-27;1482;Porto Alegre;Mariana Lima;Notebook;Jeannette Valenti;Feminino;09:59:49;5;17500,0;Pix
2025-10-28;1612;São Paulo;Aline Maria;Notebook;Terry Lipscomb;Masculino;03:35:50;5;17500,0;Cartão de Crédito
2025-10-28;1938;Porto Alegre;Rafael Oliveira;Tablet;Russell Roach;Feminino;16:35:51;1;1200,0;Dinheiro
2025-10-29;84;São Paulo;Lucas Silva;Smartphone;Kathryn Morely;Masculino;01:20:39;3;4500,0;Pix
2025-10-29;293;São Paulo;Lucas Silva;Fone de Ouvido;Hans Garrison;Masculino;22:04:41;4;1000,0;Dinheiro
2025-10-29;487;Rio de Janeiro;Carla Souza;Tablet;Kathleen Pierce;Feminino;10:19:42;4;4800,0;Pix
2025-10-29;1257;Rio de Janeiro;Bruno Costa;Smartwatch;Wayne Lipner;Masculino;08:07:47;1;800,0;Cartão de Crédito
2025-10-29;1379;Salvador;Thiago Pereira;Smartwatch;Irene Hardison;Feminino;22:54:48;2;1600,0;Boleto
2025-10-30;565;Belo Horizonte;Fernando Alves;Tablet;Carla Hauser;Feminino;18:36:42;4;4800,0;Pix
2025-10-30;653;Rio de Janeiro;Carla Souza;Tablet;Timothy Chapman;Masculino;10:42:43;5;6000,0;Pix
2025-10-30;1103;Salvador;Thiago Pereira;Smartphone;Steven Welch;Masculino;23:37:46;2;3000,0;Dinheiro
2025-10-30;1108;Salvador;Thiago Pereira;Tablet;Anne Payson;Masculino;15:49:46;3;3600,0;Pix
2025-10-30;1281;São Paulo;Lucas Silva;Notebook;Brian Perez;Masculino;21:32:48;2;7000,0;Dinheiro
2025-10-30;1535;São Paulo;Aline Maria;Notebook;Iva Long;Masculino;05:32:49;1;3500,0;Boleto
2025-10-30;1563;Salvador;Juliana Santos;Fone de Ouvido;Kathleen Silva;Feminino;05:37:49;3;750,0;Boleto
2025-10-30;1668;Belo Horizonte;Ana Paula;Notebook;Caroline Giglio;Masculino;16:58:50;2;7000,0;Pix
2025-10-30;1773;Porto Alegre;Rafael Oliveira;Fone de Ouvido;Timmy Lucas;Feminino;23:41:51;1;250,0;Cartão de Crédito
2025-10-31;397;Belo Horizonte;Fernando Alves;Smartphone;Harris Gillikin;Masculino;00:04:41;5;7500,0;Dinheiro
2025-10-31;1270;Porto Alegre;Rafael Oliveira;Smartphone;Lynne Wanty;Masculino;00:12:47;4;6000,0;Cartão de Crédito
2025-10-31;1544;Rio de Janeiro;Bruno Costa;Tablet;Anna Rascon;Masculino;23:31:49;4;4800,0;Dinheiro
2025-11-01;444;Salvador;Juliana Santos;Fone de Ouvido;Robert Longenberger;Masculino;13:42:41;1;250,0;Boleto
2025-11-01;700;Rio de Janeiro;Bruno Costa;Tablet;Jessica Bakken;Feminino;17:16:43;4;4800,0;Cartão de Crédito
2025-11-01;1204;São Paulo;Lucas Silva;Smartwatch;Steve Colvin;Masculino;19:19:47;4;3200,0;Cartão de Crédito
2025-11-01;1301;São Paulo;Lucas Silva;Fone de Ouvido;Michael Rook;Masculino;17:56:48;2;500,0;Cartão de Crédito
2025-11-01;1591;Porto Alegre;Rafael Oliveira;Notebook;Manuel Graven;Feminino;20:51:49;5;17500,0;Pix
2025-11-01;1808;São Paulo;Aline Maria;Notebook;Tina Page;Feminino;14:11:51;1;3500,0;Boleto
2025-11-02;24;Rio de Janeiro;Carla Souza;Notebook;Kathleen Pimentel;Feminino;11:39:39;4;14000,0;Boleto
2025-11-02;658;Belo Horizonte;Fernando Alves;Fone de Ouvido;Shannon Shake;Feminino;15:54:43;1;250,0;Dinheiro
2025-11-02;971;Rio de Janeiro;Bruno Costa;Notebook;Julie Eiland;Masculino;15:36:45;4;14000,0;Pix
2025-11-02;1087;São Paulo;Aline Maria;Notebook;Lori Wolverton;Feminino;23:37:46;4;14000,0;Cartão de Crédito
2025-11-02;1880;São Paulo;Lucas Silva;Smartphone;Eva Mclaurin;Masculino;15:25:51;1;1500,0;Pix
2025-11-03;40;São Paulo;Aline Maria;Smartphone;Myrtle Mabrey;Masculino;23:28:39;3;4500,0;Cartão de Crédito
2025-11-03;173;Porto Alegre;Mariana Lima;Fone de Ouvido;Karyn Andrews;Feminino;14:50:40;1;250,0;Boleto
2025-11-03;472;Belo Horizonte;Fernando Alves;Fone de Ouvido;Ana Atwater;Feminino;07:51:42;4;1000,0;Pix
2025-11-03;647;Salvador;Juliana Santos;Fone de Ouvido;Anna Sikora;Masculino;15:15:43;1;250,0;Cartão de Crédito
2025-11-03;1279;Belo Horizonte;Fernando Alves;Fone de Ouvido;Dorothy Dugger;Feminino;17:55:48;5;1250,0;Cartão de Crédito
2025-11-04;1101;Salvador;Juliana Santos;Notebook;Curtis Wilde;Feminino;02:46:46;5;17500,0;Cartão de Crédito
2025-11-04;1347;Rio de Janeiro;Carla Souza;Smartphone;Maria Garza;Feminino;02:54:48;4;6000,0;Boleto
2025-11-04;1844;Salvador;Thiago Pereira;Notebook;Christopher Moody;Masculino;02:56:51;5;17500,0;Boleto
2025-11-05;104;Porto Alegre;Rafael Oliveira;Tablet;Susan Harris;Masculino;23:47:39;3;3600,0;Boleto
2025-11-05;1142;São Paulo;Lucas Silva;Smartwatch;Fanny Avino;Masculino;06:31:46;4;3200,0;Cartão de Crédito
2025-11-05;1752;Salvador;Juliana Santos;Tablet;Frederick Mckenzie;Feminino;01:48:50;1;1200,0;Dinheiro
2025-11-05;1774;Belo Horizonte;Ana Paula;Smartphone;Richard Sosa;Feminino;04:44:51;3;4500,0;Cartão de Crédito
2025-11-06;175;Salvador;Juliana Santos;Smartwatch;Matt Graves;Masculino;07:54:40;1;800,0;Boleto
2025-11-06;241;Rio de Janeiro;Bruno Costa;Fone de Ouvido;Beth Williams;Masculino;13:59:40;5;1250,0;Pix
2025-11-06;977;São Paulo;Lucas Silva;Smartphone;Arthur Batdorf;Masculino;13:29:45;5;7500,0;Dinheiro
2025-11-06;1390;Porto Alegre;Rafael Oliveira;Smartphone;Paul Sexton;Masculino;19:26:48;3;4500,0;Boleto
2025-11-07;332;Rio de Janeiro;Carla Souza;Fone de Ouvido;Craig Koenig;Feminino;11:15:41;2;500,0;Cartão de Crédito
2025-11-07;378;São Paulo;Aline Maria;Fone de Ouvido;Elin Smith;Masculino;20:07:41;1;250,0;Cartão de Crédito
2025-11-07;628;Rio de Janeiro;Bruno Costa;Fone de Ouvido;Terri Church;Feminino;08:34:43;1;250,0;Dinheiro
2025-11-07;1259;Salvador;Juliana Santos;Fone de Ouvido;Silvia Moye;Feminino;19:06:47;2;500,0;Cartão de Crédito
2025-11-08;87;Belo Horizonte;Fernando Alves;Smartphone;Mabel Brown;Feminino;08:50:39;4;6000,0;Pix
2025-11-08;170;Belo Horizonte;Ana Paula;Notebook;Rosa Spinks;Masculino;02:05:40;3;10500,0;Boleto
2025-11-08;1267;Rio de Janeiro;Carla Souza;Smartphone;Antonio Wallace;Feminino;17:13:47;5;7500,0;Cartão de Crédito
2025-11-08;1427;Porto Alegre;Rafael Oliveira;Smartphone;Shawn Anderson;Feminino;01:54:48;3;4500,0;Cartão de Crédito
2025-11-08;1465;Salvador;Juliana Santos;Notebook;Rebecca Bradley;Feminino;00:38:49;4;14000,0;Cartão de Crédito
2025-11-09;237;Belo Horizonte;Ana Paula;Tablet;Steven Suber;Masculino;14:39:40;3;3600,0;Pix
2025-11-09;331;Porto Alegre;Rafael Oliveira;Tablet;Ruth Smith;Masculino;04:19:41;5;6000,0;Dinheiro
2025-11-09;448;Porto Alegre;Mariana Lima;Tablet;Laura Christensen;Feminino;08:46:41;3;3600,0;Cartão de Crédito
2025-11-09;1001;Salvador;Juliana Santos;Notebook;Mark Cote;Feminino;02:37:45;5;17500,0;Boleto
2025-11-09;1833;Salvador;Thiago Pereira;Fone de Ouvido;Rebekah Preston;Masculino;01:44:51;1;250,0;Cartão de Crédito
2025-11-10;290;Belo Horizonte;Fernando Alves;Tablet;Merlin Stewart;Feminino;23:12:41;1;1200,0;Cartão de Crédito
2025-11-10;447;Salvador;Juliana Santos;Smartwatch;Anita Hayter;Masculino;02:37:41;4;3200,0;Pix
2025-11-10;478;São Paulo;Lucas Silva;Smartphone;Donald Livingston;Masculino;18:20:42;5;7500,0;Dinheiro
2025-11-10;802;Salvador;Juliana Santos;Smartphone;Ethel Rooks;Masculino;06:59:44;4;6000,0;Boleto
2025-11-10;1296;São Paulo;Aline Maria;Tablet;William Tran;Feminino;11:16:48;5;6000,0;Pix
2025-11-10;1322;Salvador;Thiago Pereira;Tablet;Dale Goings;Feminino;00:26:48;3;3600,0;Cartão de Crédito
2025-11-11;1223;Rio de Janeiro;Bruno Costa;Tablet;Patricia Barnhill;Masculino;23:19:47;5;6000,0;Boleto
2025-11-11;1755;Porto Alegre;Rafael Oliveira;Fone de Ouvido;Darrel Osborne;Feminino;19:02:50;1;250,0;Dinheiro
2025-11-11;1841;Porto Alegre;Rafael Oliveira;Notebook;Cheryl Golden;Masculino;21:14:51;1;3500,0;Boleto
2025-11-12;687;São Paulo;Aline Maria;Notebook;Ann Gonzalez;Feminino;21:38:43;5;17500,0;Cartão de Crédito
2025-11-12;1660;Porto Alegre;Mariana Lima;Tablet;William Lansberry;Masculino;15:45:50;5;6000,0;Boleto
2025-11-12;1865;Porto Alegre;Mariana Lima;Notebook;Jonathan Topper;Masculino;03:53:51;5;17500,0;Cartão de Crédito
2025-11-13;220;Salvador;Thiago Pereira;Fone de Ouvido;Betty Gray;Masculino;22:23:40;4;1000,0;Dinheiro
2025-11-13;225;Rio de Janeiro;Bruno Costa;Smartwatch;Leslie Johnson;Masculino;17:28:40;5;4000,0;Cartão de Crédito
2025-11-13;636;Rio de Janeiro;Bruno Costa;Smartwatch;Joel Grace;Feminino;15:27:43;4;3200,0;Pix
2025-11-13;1155;Rio de Janeiro;Carla Souza;Fone de Ouvido;Jean Cardoza;Feminino;19:35:46;2;500,0;Cartão de Crédito
2025-11-13;1184;São Paulo;Lucas Silva;Smartphone;Ashley Greenhalge;Masculino;05:41:47;2;3000,0;Dinheiro
2025-11-13;1462;Salvador;Thiago Pereira;Smartphone;Gary Webster;Masculino;17:55:49;1;1500,0;Dinheiro
2025-11-13;1569;Porto Alegre;Rafael Oliveira;Smartphone;Tim Morris;Masculino;11:30:49;2;3000,0;Pix
2025-11-14;285;Rio de Janeiro;Carla Souza;Fone de Ouvido;Samuel Dowling;Masculino;19:25:40;4;1000,0;Boleto
2025-11-14;795;Salvador;Juliana Santos;Tablet;Tran Butts;Feminino;12:33:44;1;1200,0;Dinheiro
2025-11-14;832;Belo Horizonte;Fernando Alves;Smartphone;Josefina Braley;Masculino;12:49:44;1;1500,0;Dinheiro
2025-11-14;917;Porto Alegre;Rafael Oliveira;Smartwatch;Alan Wallace;Feminino;11:01:44;1;800,0;Dinheiro
2025-11-14;957;Salvador;Thiago Pereira;Tablet;Mildred Olson;Masculino;08:33:45;2;2400,0;Boleto
2025-11-14;1840;Salvador;Juliana Santos;Tablet;Mary Craine;Feminino;18:25:51;5;6000,0;Cartão de Crédito
2025-11-15;81;São Paulo;Lucas Silva;Smartwatch;Devin Martinez;Feminino;08:57:39;1;800,0;Cartão de Crédito
2025-11-15;990;São Paulo;Lucas Silva;Smartphone;Sarah Robertson;Feminino;07:07:45;5;7500,0;Pix
2025-11-15;1071;Salvador;Juliana Santos;Fone de Ouvido;Celestine Sandoval;Feminino;03:21:46;1;250,0;Boleto
2025-11-15;1334;Belo Horizonte;Fernando Alves;Fone de Ouvido;Steven Keyt;Feminino;19:55:48;2;500,0;Boleto
2025-11-15;1401;Porto Alegre;Rafael Oliveira;Smartphone;Larry House;Feminino;20:53:48;2;3000,0;Boleto
2025-11-16;103;Salvador;Thiago Pereira;Fone de Ouvido;Tyler Yazzie;Masculino;07:33:39;5;1250,0;Pix
2025-11-16;247;Salvador;Juliana Santos;Smartwatch;Joseph Adams;Masculino;16:51:40;5;4000,0;Boleto
2025-11-16;760;Salvador;Juliana Santos;Notebook;Coralie Bagley;Feminino;17:22:44;3;10500,0;Dinheiro
2025-11-16;1182;Porto Alegre;Rafael Oliveira;Notebook;Lisa Claypoole;Masculino;23:10:47;4;14000,0;Dinheiro
2025-11-16;1679;Rio de Janeiro;Carla Souza;Smartwatch;Denny Sant;Masculino;05:31:50;5;4000,0;Dinheiro
2025-11-16;1972;Salvador;Juliana Santos;Tablet;Lucas Dubinsky;Feminino;08:46:52;5;6000,0;Pix
2025-11-17;483;Salvador;Thiago Pereira;Smartphone;Anne Simpson;Feminino;22:17:42;2;3000,0;Pix
2025-11-17;827;Rio de Janeiro;Carla Souza;Smartwatch;David Wright;Masculino;07:24:44;4;3200,0;Pix
2025-11-17;1252;São Paulo;Aline Maria;Smartphone;Michele Michelle;Feminino;00:28:47;1;1500,0;Dinheiro
2025-11-17;1979;Porto Alegre;Rafael Oliveira;Notebook;Tamara Pengelly;Masculino;04:06:52;2;7000,0;Cartão de Crédito
2025-11-18;567;Salvador;Juliana Santos;Fone de Ouvido;Sonya Ramirez;Feminino;08:46:42;3;750,0;Pix
2025-11-18;793;São Paulo;Lucas Silva;Fone de Ouvido;Dwain Smith;Feminino;01:48:44;2;500,0;Dinheiro
2025-11-18;1014;Belo Horizonte;Ana Paula;Fone de Ouvido;Todd Murphy;Feminino;15:22:45;1;250,0;Pix
2025-11-18;1180;Salvador;Juliana Santos;Fone de Ouvido;Mandi Hull;Feminino;20:56:47;1;250,0;Boleto
2025-11-18;1337;São Paulo;Lucas Silva;Notebook;Edward Booth;Feminino;12:43:48;3;10500,0;Boleto
2025-11-19;201;São Paulo;Aline Maria;Smartphone;Burl Sones;Masculino;08:13:40;4;6000,0;Pix
2025-11-19;236;Salvador;Thiago Pereira;Fone de Ouvido;Sharon Walsh;Masculino;22:46:40;4;1000,0;Pix
2025-11-19;544;São Paulo;Aline Maria;Smartphone;Earl Dulin;Feminino;20:50:42;5;7500,0;Dinheiro
2025-11-19;587;Rio de Janeiro;Bruno Costa;Smartwatch;Patsy Lee;Masculino;08:09:42;4;3200,0;Pix
2025-11-19;602;São Paulo;Aline Maria;Smartphone;Anthony Beamon;Feminino;22:16:42;5;7500,0;Dinheiro
2025-11-19;605;Belo Horizonte;Fernando Alves;Smartwatch;Rosemary Smith;Feminino;18:27:42;1;800,0;Boleto
2025-11-19;1126;São Paulo;Lucas Silva;Notebook;William Villa;Feminino;22:56:46;5;17500,0;Dinheiro
2025-11-19;1387;Salvador;Thiago Pereira;Notebook;Steven Stoddard;Masculino;10:10:48;5;17500,0;Cartão de Crédito
2025-11-19;1457;Belo Horizonte;Fernando Alves;Smartwatch;Carrie Moses;Masculino;00:32:49;1;800,0;Boleto
2025-11-19;1501;Belo Horizonte;Fernando Alves;Tablet;Chad Stokes;Masculino;05:04:49;3;3600,0;Cartão de Crédito
2025-11-19;1740;Rio de Janeiro;Bruno Costa;Tablet;James Earls;Masculino;01:56:50;3;3600,0;Cartão de Crédito
2025-11-19;1883;Rio de Janeiro;Bruno Costa;Smartwatch;Andrew Vidal;Feminino;01:11:51;1;800,0;Dinheiro
2025-11-20;28;Porto Alegre;Mariana Lima;Smartwatch;Todd Chandler;Masculino;22:22:39;2;1600,0;Boleto
2025-11-20;125;Belo Horizonte;Fernando Alves;Smartwatch;Julia Watson;Masculino;12:10:40;3;2400,0;Dinheiro
2025-11-20;1631;Rio de Janeiro;Carla Souza;Smartphone;George Marron;Masculino;20:55:50;2;3000,0;Pix
2025-11-21;4;Salvador;Juliana Santos;Smartwatch;Paul Harper;Masculino;16:38:39;3;2400,0;Cartão de Crédito
2025-11-21;47;Belo Horizonte;Fernando Alves;Fone de Ouvido;Arthur Leetch;Feminino;07:12:39;3;750,0;Boleto
2025-11-21;159;Rio de Janeiro;Bruno Costa;Fone de Ouvido;June Bienfang;Feminino;18:55:40;2;500,0;Cartão de Crédito
2025-11-21;296;Belo Horizonte;Ana Paula;Fone de Ouvido;Hugo Weisenfluh;Masculino;22:51:41;5;1250,0;Cartão de Crédito
2025-11-21;368;São Paulo;Lucas Silva;Smartwatch;Dominique Garner;Feminino;18:45:41;2;1600,0;Boleto
2025-11-21;613;Salvador;Thiago Pereira;Tablet;Janet Gonzalez;Feminino;12:09:43;1;1200,0;Boleto
2025-11-21;635;Belo Horizonte;Fernando Alves;Fone de Ouvido;Michael Price;Masculino;20:55:43;1;250,0;Dinheiro
2025-11-21;859;Porto Alegre;Mariana Lima;Smartwatch;Ronnie Wright;Feminino;16:25:44;4;3200,0;Cartão de Crédito
2025-11-21;1212;São Paulo;Lucas Silva;Notebook;Taylor Villa;Masculino;19:50:47;4;14000,0;Dinheiro
2025-11-22;490;Salvador;Juliana Santos;Smartwatch;Gilbert Brooks;Feminino;08:54:42;5;4000,0;Boleto
2025-11-22;559;Rio de Janeiro;Carla Souza;Notebook;Ernest Brady;Masculino;17:36:42;1;3500,0;Pix
2025-11-22;671;Rio de Janeiro;Carla Souza;Tablet;Brent Thomas;Masculino;08:42:43;2;2400,0;Dinheiro
2025-11-23;391;Salvador;Juliana Santos;Tablet;Kerri Scheel;Feminino;07:56:41;2;2400,0;Pix
2025-11-23;1004;Belo Horizonte;Ana Paula;Notebook;Rebecca Smith;Masculino;18:01:45;2;7000,0;Cartão de Crédito
2025-11-23;1263;Porto Alegre;Rafael Oliveira;Notebook;Joesph Lim;Masculino;13:35:47;1;3500,0;Dinheiro
2025-11-23;1575;Rio de Janeiro;Carla Souza;Fone de Ouvido;Susan Herod;Feminino;11:15:49;3;750,0;Boleto
2025-11-23;1696;Belo Horizonte;Fernando Alves;Notebook;Alma Cooper;Masculino;23:54:50;2;7000,0;Pix
2025-11-24;82;Salvador;Thiago Pereira;Tablet;Tuyet Jenkins;Masculino;01:34:39;2;2400,0;Cartão de Crédito
2025-11-24;1078;Porto Alegre;Mariana Lima;Notebook;Nicholas Baker;Feminino;05:24:46;1;3500,0;Pix
2025-11-24;1219;Porto Alegre;Rafael Oliveira;Fone de Ouvido;Nicholas Ferra;Feminino;11:07:47;2;500,0;Dinheiro
2025-11-24;1609;Rio de Janeiro;Bruno Costa;Notebook;Lakita Cassity;Masculino;04:41:50;1;3500,0;Pix
2025-11-24;1764;Belo Horizonte;Fernando Alves;Notebook;Roy Brown;Feminino;01:03:50;3;10500,0;Pix
2025-11-24;1982;Salvador;Juliana Santos;Fone de Ouvido;Willie James;Feminino;23:34:52;1;250,0;Cartão de Crédito
2025-11-25;304;Salvador;Juliana Santos;Smartphone;Mary Gleason;Feminino;17:38:41;3;4500,0;Cartão de Crédito
2025-11-25;450;Porto Alegre;Mariana Lima;Notebook;Ricardo Kane;Masculino;02:41:41;1;3500,0;Cartão de Crédito
2025-11-25;783;Belo Horizonte;Fernando Alves;Smartphone;Elizabeth Pounds;Feminino;16:59:44;2;3000,0;Pix
2025-11-25;1348;Salvador;Thiago Pereira;Notebook;Maureen Grumet;Feminino;09:55:48;4;14000,0;Pix
2025-11-25;1577;São Paulo;Aline Maria;Tablet;Carolyn Pavlick;Masculino;00:51:49;5;6000,0;Boleto
2025-11-25;1856;São Paulo;Aline Maria;Smartphone;Agnes Fuller;Masculino;03:46:51;1;1500,0;Cartão de Crédito
2025-11-26;233;Rio de Janeiro;Bruno Costa;Notebook;Lorraine Davenport;Feminino;22:55:40;4;14000,0;Boleto
2025-11-26;504;Rio de Janeiro;Carla Souza;Tablet;Geneva Beagle;Feminino;16:32:42;5;6000,0;Dinheiro
2025-11-26;1392;Salvador;Juliana Santos;Smartwatch;Antonio Lee;Feminino;09:52:48;4;3200,0;Cartão de Crédito
2025-11-27;178;São Paulo;Lucas Silva;Notebook;Erica Lozoya;Feminino;12:53:40;3;10500,0;Boleto
2025-11-27;769;Rio de Janeiro;Carla Souza;Tablet;Joseph Viola;Feminino;21:01:44;3;3600,0;Pix
2025-11-27;1404;São Paulo;Lucas Silva;Fone de Ouvido;Susan Gutknecht;Feminino;16:15:48;5;1250,0;Dinheiro
2025-11-27;1516;Porto Alegre;Mariana Lima;Smartphone;Rosamaria Templeton;Feminino;10:53:49;5;7500,0;Pix
2025-11-27;1895;Porto Alegre;Mariana Lima;Fone de Ouvido;Dolores Jenkins;Feminino;21:49:51;3;750,0;Pix
2025-11-28;43;Belo Horizonte;Ana Paula;Fone de Ouvido;Hazel Foster;Feminino;20:45:39;1;250,0;Cartão de Crédito
2025-11-28;756;São Paulo;Lucas Silva;Notebook;William Bakken;Masculino;22:36:44;1;3500,0;Boleto
2025-11-28;833;Belo Horizonte;Ana Paula;Notebook;Tommy Macaluso;Feminino;16:18:44;4;14000,0;Pix
2025-11-28;1189;Salvador;Juliana Santos;Fone de Ouvido;Willie Fernandez;Masculino;07:07:47;3;750,0;Cartão de Crédito
2025-11-28;1273;Porto Alegre;Rafael Oliveira;Smartphone;Carl Laverriere;Masculino;09:25:47;4;6000,0;Boleto
2025-11-28;1555;Belo Horizonte;Fernando Alves;Notebook;Aaron Williams;Masculino;10:13:49;4;14000,0;Boleto
2025-11-28;1846;São Paulo;Aline Maria;Tablet;Alfred Uitz;Masculino;05:33:51;4;4800,0;Cartão de Crédito
2025-11-28;1969;Porto Alegre;Mariana Lima;Fone de Ouvido;Kathryn Pierce;Masculino;01:56:52;3;750,0;Pix
2025-11-29;554;Belo Horizonte;Ana Paula;Smartphone;Rosalinda Belgarde;Masculino;13:38:42;2;3000,0;Pix
2025-11-29;1308;Salvador;Thiago Pereira;Notebook;Hannah Perry;Feminino;01:10:48;4;14000,0;Dinheiro
2025-11-29;1346;Porto Alegre;Rafael Oliveira;Smartphone;Angelo Moua;Masculino;11:29:48;3;4500,0;Dinheiro
2025-11-29;1445;Salvador;Juliana Santos;Smartwatch;Michael Carrico;Masculino;22:22:49;3;2400,0;Boleto
2025-11-30;223;Belo Horizonte;Fernando Alves;Notebook;Mae Tutor;Masculino;06:31:40;3;10500,0;Dinheiro
2025-11-30;413;Belo Horizonte;Ana Paula;Smartwatch;Monica Vance;Masculino;03:21:41;2;1600,0;Dinheiro
2025-11-30;1292;Salvador;Thiago Pereira;Notebook;Faith Cattaneo;Feminino;15:04:48;4;14000,0;Cartão de Crédito
2025-11-30;1557;Belo Horizonte;Ana Paula;Tablet;Gail Przybyla;Masculino;03:44:49;3;3600,0;Dinheiro
2025-12-01;355;Rio de Janeiro;Carla Souza;Notebook;Mark Hendley;Masculino;09:44:41;4;14000,0;Boleto
2025-12-01;467;Porto Alegre;Mariana Lima;Fone de Ouvido;Kevin Morataya;Masculino;00:32:42;3;750,0;Cartão de Crédito
2025-12-01;934;Rio de Janeiro;Bruno Costa;Tablet;Dawn Olivares;Masculino;02:03:45;3;3600,0;Pix
2025-12-01;1547;Belo Horizonte;Fernando Alves;Fone de Ouvido;Rosa Barrie;Masculino;20:23:49;3;750,0;Pix
2025-12-01;1608;Rio de Janeiro;Bruno Costa;Smartwatch;David Benson;Feminino;15:04:50;3;2400,0;Dinheiro
2025-12-02;69;Belo Horizonte;Ana Paula;Tablet;Dwight Bernard;Feminino;20:04:39;3;3600,0;Boleto
2025-12-02;75;Rio de Janeiro;Bruno Costa;Fone de Ouvido;Wesley Ebert;Masculino;11:31:39;1;250,0;Cartão de Crédito
2025-12-02;362;Rio de Janeiro;Bruno Costa;Fone de Ouvido;Marilyn Moore;Feminino;09:11:41;3;750,0;Cartão de Crédito
2025-12-02;886;Rio de Janeiro;Bruno Costa;Tablet;Frederick Gandolfi;Masculino;01:20:44;3;3600,0;Cartão de Crédito
2025-12-02;935;Belo Horizonte;Ana Paula;Fone de Ouvido;Leandra Hibner;Masculino;14:10:45;2;500,0;Dinheiro
2025-12-02;1261;Rio de Janeiro;Bruno Costa;Notebook;Amber Feith;Feminino;19:13:47;5;17500,0;Cartão de Crédito
2025-12-03;133;São Paulo;Aline Maria;Tablet;Valerie Willis;Feminino;22:53:40;2;2400,0;Cartão de Crédito
2025-12-03;199;Salvador;Juliana Santos;Smartphone;William Watson;Masculino;00:31:40;1;1500,0;Pix
2025-12-03;643;São Paulo;Lucas Silva;Smartphone;Leonard Kitzmiller;Masculino;22:49:43;3;4500,0;Boleto
2025-12-03;813;Porto Alegre;Rafael Oliveira;Notebook;Molly Tillman;Masculino;19:04:44;2;7000,0;Pix
2025-12-03;1638;São Paulo;Lucas Silva;Fone de Ouvido;Ralph Romero;Feminino;13:55:50;3;750,0;Dinheiro
2025-12-04;192;Rio de Janeiro;Bruno Costa;Smartphone;Lillie Thomason;Feminino;09:08:40;3;4500,0;Dinheiro
2025-12-04;352;Belo Horizonte;Ana Paula;Fone de Ouvido;Marshall Gruber;Feminino;00:30:41;1;250,0;Cartão de Crédito
2025-12-04;1642;São Paulo;Aline Maria;Tablet;Suellen Sterling;Masculino;23:52:50;1;1200,0;Pix
2025-12-04;1850;Rio de Janeiro;Bruno Costa;Notebook;Cynthia Lavoie;Feminino;10:02:51;2;7000,0;Boleto
2025-12-05;22;Porto Alegre;Rafael Oliveira;Tablet;Kathryn Monroy;Masculino;06:27:39;4;4800,0;Cartão de Crédito
2025-12-05;614;Salvador;Thiago Pereira;Smartphone;Mary Bowers;Masculino;01:51:43;4;6000,0;Pix
2025-12-05;863;Belo Horizonte;Fernando Alves;Tablet;Russell Carpenter;Masculino;12:03:44;2;2400,0;Pix
2025-12-06;124;Belo Horizonte;Ana Paula;Smartphone;Barbara Coffman;Feminino;23:38:40;2;3000,0;Cartão de Crédito
2025-12-06;538;Porto Alegre;Mariana Lima;Smartphone;Brian Crawford;Feminino;00:10:42;5;7500,0;Pix
2025-12-06;962;Belo Horizonte;Fernando Alves;Fone de Ouvido;Andrew Madison;Feminino;23:52:45;4;1000,0;Pix
2025-12-06;1194;Salvador;Thiago Pereira;Smartphone;Ryan Hannon;Masculino;08:18:47;5;7500,0;Cartão de Crédito
2025-12-06;1496;Porto Alegre;Rafael Oliveira;Fone de Ouvido;Melvin Walker;Masculino;22:20:49;5;1250,0;Dinheiro
2025-12-06;1640;São Paulo;Aline Maria;Smartphone;Kevin Mack;Masculino;07:54:50;1;1500,0;Boleto
2025-12-06;1694;Salvador;Thiago Pereira;Fone de Ouvido;Joe Kennedy;Feminino;17:16:50;3;750,0;Boleto
2025-12-06;1744;São Paulo;Aline Maria;Smartphone;Robyn Gisin;Feminino;13:30:50;5;7500,0;Pix
2025-12-06;1990;Belo Horizonte;Fernando Alves;Tablet;Jami Richardson;Masculino;17:15:52;3;3600,0;Pix
2025-12-07;163;Rio de Janeiro;Bruno Costa;Notebook;John Reed;Masculino;14:24:40;4;14000,0;Dinheiro
2025-12-07;621;Rio de Janeiro;Bruno Costa;Smartwatch;Ashley Indovina;Masculino;17:07:43;2;1600,0;Cartão de Crédito
2025-12-07;1534;São Paulo;Aline Maria;Fone de Ouvido;Joshua Hill;Masculino;20:04:49;5;1250,0;Cartão de Crédito
2025-12-07;1685;Rio de Janeiro;Bruno Costa;Tablet;Brian Hodges;Masculino;20:08:50;5;6000,0;Cartão de Crédito
2025-12-08;1105;Rio de Janeiro;Carla Souza;Notebook;Michael Lenox;Feminino;05:20:46;2;7000,0;Dinheiro
2025-12-08;1566;Salvador;Thiago Pereira;Tablet;Patricia Fowler;Masculino;06:00:49;1;1200,0;Cartão de Crédito
2025-12-08;1831;Belo Horizonte;Fernando Alves;Tablet;James Ketchum;Feminino;19:40:51;1;1200,0;Dinheiro
2025-12-08;1894;Rio de Janeiro;Carla Souza;Smartphone;Douglas Watson;Feminino;04:09:51;5;7500,0;Pix
2025-12-08;1917;Rio de Janeiro;Carla Souza;Fone de Ouvido;Carlos Miller;Feminino;13:25:51;5;1250,0;Pix
2025-12-09;310;Rio de Janeiro;Bruno Costa;Smartphone;Matthew Johnson;Masculino;11:42:41;3;4500,0;Boleto
2025-12-09;896;Rio de Janeiro;Bruno Costa;Smartphone;Nancy Lichtenstein;Masculino;04:05:44;2;3000,0;Cartão de Crédito
2025-12-09;1205;Porto Alegre;Rafael Oliveira;Tablet;Michael Williams;Masculino;19:12:47;5;6000,0;Pix
2025-12-09;1456;Belo Horizonte;Ana Paula;Fone de Ouvido;William Eiselein;Masculino;00:44:49;4;1000,0;Cartão de Crédito
2025-12-09;1862;Porto Alegre;Rafael Oliveira;Smartphone;Conrad Profitt;Masculino;22:01:51;3;4500,0;Pix
2025-12-09;1906;Belo Horizonte;Ana Paula;Fone de Ouvido;Ella Eslinger;Masculino;18:25:51;2;500,0;Dinheiro
2025-12-09;1959;Porto Alegre;Mariana Lima;Notebook;Ryan Friedman;Masculino;22:04:51;2;7000,0;Cartão de Crédito
2025-12-10;342;São Paulo;Lucas Silva;Fone de Ouvido;Sam Skeens;Masculino;05:16:41;1;250,0;Pix
2025-12-10;1063;São Paulo;Aline Maria;Smartphone;Ruth Pitts;Feminino;18:12:45;5;7500,0;Cartão de Crédito
2025-12-10;1072;Belo Horizonte;Fernando Alves;Fone de Ouvido;Maria Kessler;Feminino;12:10:46;1;250,0;Cartão de Crédito
2025-12-10;1564;Porto Alegre;Mariana Lima;Tablet;Leonard Doherty;Feminino;05:51:49;5;6000,0;Dinheiro
2025-12-10;1766;Belo Horizonte;Ana Paula;Fone de Ouvido;Javier Davis;Feminino;09:08:50;4;1000,0;Boleto
2025-12-10;1851;Salvador;Juliana Santos;Notebook;Lloyd Dowdy;Feminino;14:39:51;1;3500,0;Dinheiro
2025-12-10;1957;Rio de Janeiro;Bruno Costa;Smartphone;Tracey Ardoin;Feminino;23:07:51;1;1500,0;Pix
2025-12-11;166;Rio de Janeiro;Carla Souza;Tablet;Teresa Heath;Masculino;04:12:40;2;2400,0;Cartão de Crédito
2025-12-11;333;Rio de Janeiro;Carla Souza;Fone de Ouvido;Patrick Chiesa;Masculino;04:48:41;1;250,0;Pix
2025-12-11;597;Belo Horizonte;Fernando Alves;Notebook;Edward Hooper;Masculino;05:19:42;3;10500,0;Boleto
2025-12-11;1332;Porto Alegre;Rafael Oliveira;Tablet;Raymond Moulton;Feminino;11:22:48;1;1200,0;Dinheiro
2025-12-11;1716;São Paulo;Aline Maria;Smartphone;Albert Hawkins;Feminino;15:45:50;4;6000,0;Boleto
2025-12-11;1925;Rio de Janeiro;Carla Souza;Smartphone;Joseph Barrow;Feminino;11:57:51;1;1500,0;Pix
2025-12-12;17;Salvador;Thiago Pereira;Smartwatch;Betty Smith;Masculino;08:05:39;5;4000,0;Pix
2025-12-12;449;Porto Alegre;Rafael Oliveira;Tablet;Patrick Henderson;Masculino;05:24:41;1;1200,0;Boleto
2025-12-12;480;São Paulo;Lucas Silva;Smartwatch;Rosemary Rivera;Feminino;13:12:42;5;4000,0;Cartão de Crédito
2025-12-12;560;São Paulo;Aline Maria;Notebook;Brain Miranda;Masculino;01:51:42;5;17500,0;Dinheiro
2025-12-12;849;Rio de Janeiro;Bruno Costa;Fone de Ouvido;Ana Brown;Masculino;06:28:44;4;1000,0;Dinheiro
2025-12-12;992;Salvador;Juliana Santos;Smartphone;Tamara Vicario;Feminino;20:35:45;1;1500,0;Dinheiro
2025-12-12;1125;Belo Horizonte;Fernando Alves;Tablet;David Brzezowski;Masculino;02:49:46;3;3600,0;Pix
2025-12-12;1630;Belo Horizonte;Ana Paula;Fone de Ouvido;Sandra Herrington;Masculino;21:33:50;2;500,0;Cartão de Crédito
2025-12-12;1914;São Paulo;Aline Maria;Smartphone;Nicole Strong;Feminino;10:36:51;4;6000,0;Boleto
2025-12-13;78;Salvador;Juliana Santos;Fone de Ouvido;William Walton;Feminino;07:27:39;1;250,0;Dinheiro
2025-12-13;485;Salvador;Juliana Santos;Fone de Ouvido;Rudolph Cabrera;Feminino;10:48:42;3;750,0;Cartão de Crédito
2025-12-13;746;Rio de Janeiro;Carla Souza;Notebook;Danny Harris;Feminino;14:33:43;2;7000,0;Cartão de Crédito
2025-12-13;819;São Paulo;Aline Maria;Smartphone;Thomas Catanzarite;Masculino;23:38:44;2;3000,0;Boleto
2025-12-13;1548;Belo Horizonte;Ana Paula;Smartwatch;Don Flynn;Masculino;20:14:49;5;4000,0;Dinheiro
2025-12-13;1762;Rio de Janeiro;Carla Souza;Tablet;Kelly Perry;Masculino;02:22:50;1;1200,0;Dinheiro
2025-12-13;1928;Belo Horizonte;Fernando Alves;Fone de Ouvido;Rhonda Fenner;Masculino;06:01:51;3;750,0;Boleto
2025-12-14;420;São Paulo;Lucas Silva;Smartwatch;Donna Green;Feminino;04:35:41;3;2400,0;Dinheiro
2025-12-14;780;Belo Horizonte;Fernando Alves;Smartwatch;Steven Irizarry;Masculino;01:36:44;1;800,0;Boleto
2025-12-14;1355;Rio de Janeiro;Bruno Costa;Tablet;Mi Tolman;Feminino;19:01:48;1;1200,0;Pix
2025-12-14;1770;Porto Alegre;Rafael Oliveira;Tablet;Claire Wismer;Feminino;20:51:50;5;6000,0;Boleto
2025-12-15;1574;Salvador;Juliana Santos;Smartwatch;Raquel Higgins;Masculino;12:53:49;3;2400,0;Cartão de Crédito
2025-12-15;1732;São Paulo;Lucas Silva;Fone de Ouvido;Marion Nelson;Feminino;12:03:50;3;750,0;Cartão de Crédito
2025-12-16;1350;Belo Horizonte;Ana Paula;Notebook;Maurice Bull;Feminino;11:00:48;4;14000,0;Cartão de Crédito
2025-12-17;245;Belo Horizonte;Ana Paula;Smartphone;Marie Austin;Feminino;11:34:40;5;7500,0;Cartão de Crédito
2025-12-17;549;Salvador;Thiago Pereira;Notebook;Gail Edwards;Feminino;08:56:42;3;10500,0;Boleto
2025-12-17;640;Rio de Janeiro;Bruno Costa;Tablet;Gail Deep;Feminino;13:35:43;5;6000,0;Cartão de Crédito
2025-12-17;781;Belo Horizonte;Ana Paula;Smartwatch;Debra Jones;Masculino;04:44:44;3;2400,0;Dinheiro
2025-12-17;1147;São Paulo;Lucas Silva;Smartwatch;Mary Galayda;Feminino;10:53:46;5;4000,0;Boleto
2025-12-17;1236;Salvador;Juliana Santos;Notebook;Deborah Turner;Feminino;02:59:47;2;7000,0;Dinheiro
2025-12-17;1743;Porto Alegre;Mariana Lima;Notebook;Gordon Bowers;Masculino;20:09:50;1;3500,0;Pix
2025-12-17;1869;Belo Horizonte;Ana Paula;Fone de Ouvido;Minh White;Masculino;22:09:51;5;1250,0;Pix
2025-12-18;34;Belo Horizonte;Ana Paula;Fone de Ouvido;Launa Thompson;Masculino;11:17:39;2;500,0;Pix
2025-12-18;381;Porto Alegre;Rafael Oliveira;Smartwatch;David Bever;Feminino;03:16:41;4;3200,0;Boleto
2025-12-18;1492;Porto Alegre;Rafael Oliveira;Smartphone;Lauren Abernathy;Masculino;02:57:49;2;3000,0;Cartão de Crédito
2025-12-18;1789;Rio de Janeiro;Bruno Costa;Smartwatch;Bernie Dicarlo;Feminino;16:27:51;2;1600,0;Pix
2025-12-19;1455;Porto Alegre;Rafael Oliveira;Fone de Ouvido;Adam Fischer;Masculino;12:29:49;5;1250,0;Cartão de Crédito
2025-12-19;1858;Rio de Janeiro;Carla Souza;Smartphone;Charles Ridley;Masculino;20:51:51;2;3000,0;Pix
2025-12-20;138;Belo Horizonte;Fernando Alves;Smartwatch;Debra Connors;Feminino;13:07:40;5;4000,0;Pix
2025-12-20;326;Rio de Janeiro;Carla Souza;Notebook;Angela Dondero;Masculino;06:49:41;2;7000,0;Dinheiro
2025-12-20;594;Porto Alegre;Rafael Oliveira;Smartwatch;Patricia Baine;Feminino;21:29:42;4;3200,0;Dinheiro
2025-12-20;632;Porto Alegre;Rafael Oliveira;Notebook;Bruce Butler;Masculino;14:35:43;2;7000,0;Boleto
2025-12-20;721;São Paulo;Lucas Silva;Smartwatch;Dustin Baker;Feminino;20:25:43;5;4000,0;Cartão de Crédito
2025-12-20;838;Rio de Janeiro;Carla Souza;Notebook;Sandra Leung;Masculino;14:33:44;1;3500,0;Pix
2025-12-20;1443;Rio de Janeiro;Bruno Costa;Tablet;Tonya Comeaux;Feminino;22:51:49;2;2400,0;Boleto
2025-12-20;1486;Porto Alegre;Rafael Oliveira;Notebook;Virginia Lopez;Feminino;02:10:49;5;17500,0;Cartão de Crédito
2025-12-20;1800;Rio de Janeiro;Bruno Costa;Smartphone;Lynn Cardona;Masculino;22:13:51;3;4500,0;Boleto
2025-12-21;359;Belo Horizonte;Ana Paula;Fone de Ouvido;Ginger Knowlton;Feminino;23:27:41;3;750,0;Cartão de Crédito
2025-12-21;1085;Rio de Janeiro;Bruno Costa;Notebook;Shane Meyer;Masculino;14:15:46;4;14000,0;Pix
2025-12-21;1253;Belo Horizonte;Fernando Alves;Smartphone;Joseph Crandell;Feminino;09:39:47;3;4500,0;Pix
2025-12-21;1304;Rio de Janeiro;Bruno Costa;Tablet;Ashley Williams;Feminino;04:35:48;2;2400,0;Pix
2025-12-21;1493;Salvador;Juliana Santos;Tablet;Debbie Haverstock;Feminino;00:22:49;5;6000,0;Pix
2025-12-21;1939;Belo Horizonte;Ana Paula;Smartphone;Robert Barnes;Feminino;19:45:51;1;1500,0;Dinheiro
2025-12-21;1953;Rio de Janeiro;Carla Souza;Tablet;Ivan Walter;Feminino;16:50:51;2;2400,0;Pix
2025-12-21;1966;Belo Horizonte;Fernando Alves;Notebook;Deborah Richards;Masculino;21:46:52;3;10500,0;Pix
2025-12-22;26;Belo Horizonte;Ana Paula;Notebook;Annette Rutledge;Masculino;05:45:39;2;7000,0;Boleto
2025-12-22;131;Porto Alegre;Mariana Lima;Fone de Ouvido;Vernon Gharing;Masculino;22:58:40;4;1000,0;Dinheiro
2025-12-22;1592;Belo Horizonte;Fernando Alves;Fone de Ouvido;Richard Romano;Feminino;07:41:49;4;1000,0;Dinheiro
2025-12-22;1717;São Paulo;Aline Maria;Smartwatch;Maxine Anderson;Feminino;18:02:50;3;2400,0;Dinheiro
2025-12-23;330;Porto Alegre;Rafael Oliveira;Tablet;Ernestine Delgado;Feminino;02:58:41;2;2400,0;Dinheiro
2025-12-23;349;Salvador;Juliana Santos;Notebook;Cheryl Whiteman;Feminino;10:41:41;2;7000,0;Boleto
2025-12-23;910;Rio de Janeiro;Bruno Costa;Notebook;Linwood Benavides;Feminino;05:02:44;2;7000,0;Cartão de Crédito
2025-12-23;1494;São Paulo;Aline Maria;Smartphone;Luis Mccollom;Feminino;23:12:49;2;3000,0;Boleto
2025-12-24;130;Rio de Janeiro;Bruno Costa;Tablet;Deborah Briggs;Masculino;16:19:40;5;6000,0;Dinheiro
2025-12-24;459;Rio de Janeiro;Bruno Costa;Smartphone;Daniel Dilbeck;Masculino;20:24:41;2;3000,0;Pix
2025-12-25;508;São Paulo;Aline Maria;Fone de Ouvido;Robert Ayers;Masculino;14:21:42;3;750,0;Cartão de Crédito
2025-12-25;604;Salvador;Juliana Santos;Notebook;Jamie Adan;Masculino;20:34:42;1;3500,0;Boleto
2025-12-25;1343;Porto Alegre;Mariana Lima;Fone de Ouvido;Lisbeth Chatman;Feminino;10:29:48;5;1250,0;Cartão de Crédito
2025-12-26;258;Belo Horizonte;Fernando Alves;Notebook;David Natividad;Masculino;06:25:40;4;14000,0;Boleto
2025-12-26;761;São Paulo;Lucas Silva;Smartwatch;Pauline Koenig;Feminino;22:29:44;5;4000,0;Boleto
2025-12-26;1290;Rio de Janeiro;Carla Souza;Smartphone;Eric Holman;Masculino;14:43:48;4;6000,0;Pix
2025-12-26;1542;Porto Alegre;Rafael Oliveira;Smartphone;Carole Gongalves;Feminino;01:38:49;3;4500,0;Pix
2025-12-26;1697;Rio de Janeiro;Carla Souza;Notebook;Joshua Byrd;Feminino;06:24:50;2;7000,0;Dinheiro
2025-12-27;422;Rio de Janeiro;Bruno Costa;Smartwatch;Dulce Wilson;Masculino;01:27:41;2;1600,0;Boleto
2025-12-27;792;Salvador;Juliana Santos;Tablet;Hugh Hooker;Feminino;22:51:44;1;1200,0;Cartão de Crédito
2025-12-27;1221;Belo Horizonte;Fernando Alves;Fone de Ouvido;Ramona Hill;Feminino;16:29:47;2;500,0;Dinheiro
2025-12-27;1318;Porto Alegre;Mariana Lima;Smartwatch;Sandra Ortiz;Feminino;04:08:48;1;800,0;Cartão de Crédito
2025-12-27;1527;Porto Alegre;Rafael Oliveira;Fone de Ouvido;James Sheeran;Feminino;19:18:49;4;1000,0;Pix
2025-12-27;1568;São Paulo;Lucas Silva;Fone de Ouvido;Richard Wood;Feminino;14:28:49;4;1000,0;Cartão de Crédito
2025-12-27;1868;São Paulo;Aline Maria;Fone de Ouvido;Rachel Wells;Masculino;19:37:51;2;500,0;Pix
2025-12-28;1057;Belo Horizonte;Ana Paula;Notebook;Clifford Haley;Masculino;19:15:45;5;17500,0;Boleto
2025-12-28;1068;Salvador;Thiago Pereira;Smartwatch;Elias Flye;Feminino;21:02:45;2;1600,0;Cartão de Crédito
2025-12-28;1459;Porto Alegre;Rafael Oliveira;Smartwatch;William Anderson;Feminino;03:12:49;5;4000,0;Dinheiro
2025-12-28;1790;Porto Alegre;Rafael Oliveira;Tablet;Alline Langford;Masculino;04:59:51;1;1200,0;Boleto
2025-12-28;1977;São Paulo;Aline Maria;Notebook;Robert Kesler;Masculino;06:07:52;1;3500,0;Dinheiro
2025-12-29;600;Salvador;Juliana Santos;Smartphone;Erica Delbosque;Feminino;20:50:42;1;1500,0;Boleto
2025-12-29;706;Salvador;Juliana Santos;Smartwatch;Yvonne Smith;Masculino;14:07:43;4;3200,0;Pix
2025-12-30;379;Rio de Janeiro;Bruno Costa;Smartphone;Sylvia Bourdier;Feminino;00:57:41;5;7500,0;Boleto
2025-12-30;392;Porto Alegre;Mariana Lima;Tablet;Maria Grigsby;Masculino;00:37:41;2;2400,0;Cartão de Crédito
2025-12-30;694;Rio de Janeiro;Bruno Costa;Smartphone;James Brown;Masculino;20:29:43;2;3000,0;Pix
2025-12-30;1385;Porto Alegre;Mariana Lima;Smartphone;James Alonso;Masculino;21:52:48;4;6000,0;Pix
2025-12-30;1521;Salvador;Thiago Pereira;Tablet;David Mercer;Masculino;15:30:49;2;2400,0;Boleto
2025-12-30;1616;São Paulo;Lucas Silva;Smartphone;Mathew Walker;Feminino;08:16:50;4;6000,0;Boleto
2025-12-30;1705;São Paulo;Aline Maria;Tablet;Darrell Mccoy;Masculino;09:12:50;5;6000,0;Pix
2025-12-30;1754;Porto Alegre;Mariana Lima;Smartwatch;Geri Rupp;Masculino;21:16:50;1;800,0;Cartão de Crédito
2025-12-30;1994;Rio de Janeiro;Carla Souza;Notebook;Anthony Rodriguez;Masculino;19:57:52;4;14000,0;Pix
2025-12-31;41;Rio de Janeiro;Carla Souza;Notebook;Ronald Robinson;Masculino;14:27:39;3;10500,0;Cartão de Crédito
2025-12-31;246;Salvador;Thiago Pereira;Notebook;Jose Merrill;Masculino;17:24:40;1;3500,0;Cartão de Crédito
2025-12-31;364;Salvador;Juliana Santos;Fone de Ouvido;Linda Parker;Masculino;15:47:41;2;500,0;Boleto
2025-12-31;457;São Paulo;Lucas Silva;Notebook;Walter Klouda;Masculino;10:37:41;2;7000,0;Boleto
2025-12-31;1131;Salvador;Juliana Santos;Notebook;Juana Ballinger;Feminino;16:49:46;1;3500,0;Cartão de Crédito
2025-12-31;1468;Salvador;Juliana Santos;Smartwatch;Joseph Litzenberger;Feminino;11:48:49;3;2400,0;Boleto
2025-12-31;1533;Rio de Janeiro;Carla Souza;Tablet;Mary Williams;Feminino;07:22:49;5;6000,0;Cartão de Crédito
2025-12-31;1749;Belo Horizonte;Ana Paula;Fone de Ouvido;Doris Krampitz;Feminino;05:02:50;5;1250,0;Dinheiro
2026-01-01;12;Porto Alegre;Rafael Oliveira;Notebook;Mary Lawton;Feminino;00:05:39;5;17500,0;Pix
2026-01-01;269;Salvador;Thiago Pereira;Smartwatch;Elizabeth Palmer;Masculino;14:24:40;5;4000,0;Cartão de Crédito
2026-01-01;474;Rio de Janeiro;Carla Souza;Smartwatch;Scott Bethea;Feminino;16:35:42;5;4000,0;Boleto
2026-01-01;999;Rio de Janeiro;Carla Souza;Smartphone;Carol Whittington;Feminino;21:17:45;2;3000,0;Dinheiro
2026-01-01;1094;São Paulo;Aline Maria;Smartwatch;Sandra Marugg;Masculino;12:29:46;5;4000,0;Cartão de Crédito
2026-01-01;1341;São Paulo;Aline Maria;Smartphone;Jo Wells;Masculino;10:31:48;1;1500,0;Boleto
2026-01-02;50;Porto Alegre;Rafael Oliveira;Notebook;Barbara Nelson;Feminino;07:01:39;1;3500,0;Dinheiro
2026-01-02;1144;Rio de Janeiro;Bruno Costa;Smartwatch;Karen Bussey;Feminino;04:14:46;3;2400,0;Cartão de Crédito
2026-01-02;1356;Belo Horizonte;Fernando Alves;Fone de Ouvido;Benjamin Hollendonner;Feminino;01:11:48;4;1000,0;Boleto
2026-01-02;1491;São Paulo;Lucas Silva;Smartwatch;Susan Cruz;Masculino;08:34:49;2;1600,0;Pix
2026-01-03;8;Belo Horizonte;Fernando Alves;Smartwatch;James Perez;Feminino;05:53:39;3;2400,0;Pix
2026-01-03;261;Belo Horizonte;Fernando Alves;Fone de Ouvido;Erica Doan;Feminino;11:20:40;5;1250,0;Pix
2026-01-03;526;Rio de Janeiro;Bruno Costa;Fone de Ouvido;Bobby Kelley;Feminino;18:24:42;5;1250,0;Boleto
2026-01-03;667;Porto Alegre;Rafael Oliveira;Smartphone;Crystal Wilson;Masculino;08:26:43;5;7500,0;Pix
2026-01-03;1044;Rio de Janeiro;Carla Souza;Smartphone;Noah Schweizer;Masculino;15:16:45;3;4500,0;Dinheiro
2026-01-03;1106;Salvador;Thiago Pereira;Notebook;Brenda Thomas;Masculino;02:05:46;3;10500,0;Pix
2026-01-03;1319;Porto Alegre;Mariana Lima;Smartphone;Leo Hamilton;Feminino;23:09:48;5;7500,0;Dinheiro
2026-01-03;1649;Salvador;Thiago Pereira;Smartphone;Lisa Kendrick;Feminino;02:52:50;2;3000,0;Pix
2026-01-04;98;Rio de Janeiro;Carla Souza;Notebook;Bruno Carlson;Masculino;20:56:39;5;17500,0;Pix
2026-01-04;361;Belo Horizonte;Fernando Alves;Tablet;John Reel;Masculino;05:05:41;3;3600,0;Dinheiro
2026-01-04;394;Rio de Janeiro;Carla Souza;Smartphone;Stephanie Ragsdale;Feminino;16:53:41;3;4500,0;Cartão de Crédito
2026-01-04;531;Porto Alegre;Rafael Oliveira;Tablet;Jimmy Castilo;Feminino;20:09:42;2;2400,0;Cartão de Crédito
2026-01-04;1019;Salvador;Juliana Santos;Notebook;Lisa Mccurdy;Masculino;22:00:45;2;7000,0;Dinheiro
2026-01-04;1424;Salvador;Thiago Pereira;Smartwatch;Maxine Scroggins;Feminino;23:03:48;2;1600,0;Boleto
2026-01-05;29;Belo Horizonte;Fernando Alves;Smartwatch;Thomas Harper;Feminino;13:31:39;3;2400,0;Cartão de Crédito
2026-01-05;109;Belo Horizonte;Fernando Alves;Smartwatch;Eugenia Anderson;Masculino;03:26:39;2;1600,0;Pix
2026-01-05;283;Salvador;Juliana Santos;Fone de Ouvido;Joe Rodriguez;Masculino;07:20:40;5;1250,0;Cartão de Crédito
2026-01-05;731;São Paulo;Lucas Silva;Fone de Ouvido;Daisy Grammer;Masculino;06:45:43;1;250,0;Cartão de Crédito
2026-01-05;829;São Paulo;Aline Maria;Smartwatch;Deborah Alexandra;Feminino;14:57:44;4;3200,0;Cartão de Crédito
2026-01-05;895;São Paulo;Lucas Silva;Smartwatch;Jeanette Diberardino;Masculino;22:20:44;1;800,0;Boleto
2026-01-05;993;Salvador;Thiago Pereira;Notebook;Bernice Kirksey;Feminino;06:02:45;4;14000,0;Pix
2026-01-05;1247;São Paulo;Aline Maria;Notebook;Todd Estler;Masculino;06:54:47;1;3500,0;Boleto
2026-01-05;1349;São Paulo;Aline Maria;Smartphone;Opal Farmer;Masculino;22:12:48;4;6000,0;Boleto
2026-01-05;1475;Porto Alegre;Mariana Lima;Fone de Ouvido;Wallace Westgate;Feminino;14:13:49;2;500,0;Boleto
2026-01-06;143;Rio de Janeiro;Carla Souza;Tablet;Heather Ramsey;Masculino;02:51:40;1;1200,0;Cartão de Crédito
2026-01-06;160;Rio de Janeiro;Carla Souza;Fone de Ouvido;Junita Stengel;Feminino;21:18:40;5;1250,0;Pix
2026-01-06;419;Salvador;Juliana Santos;Fone de Ouvido;Louise Thompson;Masculino;05:29:41;4;1000,0;Dinheiro
2026-01-06;617;São Paulo;Aline Maria;Notebook;Patricia Ribeiro;Feminino;05:23:43;5;17500,0;Boleto
2026-01-06;903;São Paulo;Lucas Silva;Smartphone;Heather Hook;Masculino;01:56:44;3;4500,0;Boleto
2026-01-06;1023;Salvador;Juliana Santos;Tablet;Wendy Bailey;Feminino;21:11:45;2;2400,0;Cartão de Crédito
2026-01-06;1172;Porto Alegre;Mariana Lima;Tablet;Silvia Irick;Masculino;06:34:47;2;2400,0;Cartão de Crédito
2026-01-06;1181;Porto Alegre;Mariana Lima;Notebook;Ronald Serrano;Feminino;18:01:47;4;14000,0;Cartão de Crédito
2026-01-06;1394;Salvador;Juliana Santos;Notebook;Lindsey Holliday;Masculino;03:47:48;1;3500,0;Boleto
2026-01-06;1693;Rio de Janeiro;Carla Souza;Smartphone;Bryan Mata;Feminino;15:04:50;1;1500,0;Dinheiro
2026-01-07;1249;São Paulo;Aline Maria;Fone de Ouvido;Nellie Clarke;Masculino;07:52:47;4;1000,0;Cartão de Crédito
2026-01-08;1107;Porto Alegre;Rafael Oliveira;Tablet;Carol Sabatelli;Masculino;15:48:46;1;1200,0;Boleto
2026-01-08;1324;Rio de Janeiro;Bruno Costa;Smartwatch;Lenore Bursey;Feminino;00:38:48;2;1600,0;Pix
2026-01-08;1837;Belo Horizonte;Ana Paula;Tablet;Francis Kraemer;Masculino;14:26:51;3;3600,0;Cartão de Crédito
2026-01-08;1995;Porto Alegre;Mariana Lima;Notebook;Lisa Hein;Masculino;18:31:52;1;3500,0;Boleto
2026-01-09;6;Salvador;Juliana Santos;Smartphone;Rebecca Hankins;Feminino;13:52:39;2;3000,0;Dinheiro
2026-01-09;421;Rio de Janeiro;Carla Souza;Smartwatch;Neva Baxley;Feminino;04:25:41;4;3200,0;Cartão de Crédito
2026-01-09;542;Rio de Janeiro;Bruno Costa;Notebook;Timothy Frank;Feminino;12:51:42;4;14000,0;Dinheiro
2026-01-09;1615;São Paulo;Lucas Silva;Smartwatch;Clifton Kohl;Masculino;06:05:50;3;2400,0;Dinheiro
2026-01-09;1646;Rio de Janeiro;Bruno Costa;Fone de Ouvido;Bart Burtner;Feminino;00:42:50;3;750,0;Dinheiro
2026-01-09;1647;Porto Alegre;Mariana Lima;Notebook;Penny Brzozowski;Masculino;00:50:50;5;17500,0;Boleto
2026-01-09;1817;Belo Horizonte;Ana Paula;Smartphone;Robert Campbell;Masculino;16:22:51;5;7500,0;Pix
2026-01-10;56;Salvador;Thiago Pereira;Smartwatch;Sadye Hunter;Feminino;02:15:39;4;3200,0;Dinheiro
2026-01-10;525;Salvador;Thiago Pereira;Smartphone;Henry Jesus;Masculino;15:18:42;3;4500,0;Cartão de Crédito
2026-01-10;618;Porto Alegre;Mariana Lima;Smartwatch;Patricia Cox;Masculino;18:51:43;5;4000,0;Boleto
2026-01-10;804;Salvador;Thiago Pereira;Tablet;Rita Moore;Masculino;08:54:44;4;4800,0;Cartão de Crédito
2026-01-10;1653;Rio de Janeiro;Carla Souza;Smartphone;Jose Schnackenberg;Masculino;17:08:50;1;1500,0;Dinheiro
2026-01-11;523;Rio de Janeiro;Carla Souza;Notebook;Angel Chesley;Feminino;19:45:42;5;17500,0;Boleto
2026-01-11;1373;Porto Alegre;Mariana Lima;Notebook;Geraldine Bautista;Feminino;13:22:48;4;14000,0;Dinheiro
2026-01-11;1490;Porto Alegre;Mariana Lima;Smartwatch;Ryan Dollar;Feminino;12:11:49;5;4000,0;Boleto
2026-01-11;1515;Porto Alegre;Mariana Lima;Notebook;Roderick Pommer;Feminino;01:34:49;1;3500,0;Dinheiro
2026-01-11;1832;Rio de Janeiro;Carla Souza;Smartphone;Mary Futch;Masculino;10:26:51;1;1500,0;Boleto
2026-01-11;1893;São Paulo;Aline Maria;Smartwatch;May Ward;Feminino;08:17:51;4;3200,0;Cartão de Crédito
2026-01-12;206;Porto Alegre;Rafael Oliveira;Smartwatch;Doug Bancroft;Masculino;15:21:40;4;3200,0;Dinheiro
2026-01-13;230;Porto Alegre;Rafael Oliveira;Tablet;Esther Hissem;Feminino;03:56:40;2;2400,0;Dinheiro
2026-01-13;416;São Paulo;Lucas Silva;Smartphone;Eleanor Cornelius;Feminino;23:37:41;3;4500,0;Dinheiro
2026-01-13;697;Porto Alegre;Mariana Lima;Smartphone;Eleanora Garber;Masculino;23:33:43;3;4500,0;Pix
2026-01-13;747;Salvador;Thiago Pereira;Smartphone;Madge Hickey;Masculino;05:27:43;2;3000,0;Cartão de Crédito
2026-01-13;774;São Paulo;Aline Maria;Notebook;Genevieve Beam;Masculino;03:54:44;5;17500,0;Boleto
2026-01-13;878;Rio de Janeiro;Bruno Costa;Tablet;Michael Gorman;Masculino;03:47:44;1;1200,0;Pix
2026-01-13;884;São Paulo;Aline Maria;Notebook;Joanne Watkins;Masculino;09:28:44;3;10500,0;Pix
2026-01-13;913;Porto Alegre;Rafael Oliveira;Tablet;George Meyer;Masculino;11:42:44;3;3600,0;Boleto
2026-01-13;916;Rio de Janeiro;Carla Souza;Fone de Ouvido;Raymond Kennedy;Feminino;10:20:44;5;1250,0;Cartão de Crédito
2026-01-13;1081;Rio de Janeiro;Carla Souza;Smartphone;Ronald Lord;Feminino;17:49:46;5;7500,0;Boleto
2026-01-13;1302;São Paulo;Lucas Silva;Fone de Ouvido;David Mcilwain;Masculino;12:22:48;2;500,0;Boleto
2026-01-13;1328;Belo Horizonte;Fernando Alves;Smartphone;Judy Ogawa;Masculino;22:16:48;5;7500,0;Boleto
2026-01-13;1447;Porto Alegre;Rafael Oliveira;Fone de Ouvido;Jessica Johnson;Feminino;22:33:49;1;250,0;Boleto
2026-01-13;1908;Salvador;Juliana Santos;Fone de Ouvido;Justin Farmer;Feminino;20:52:51;1;250,0;Dinheiro
2026-01-14;229;Salvador;Juliana Santos;Notebook;Mary Tyner;Masculino;13:08:40;3;10500,0;Cartão de Crédito
2026-01-14;773;Porto Alegre;Rafael Oliveira;Tablet;Rita Vazquez;Feminino;21:35:44;4;4800,0;Pix
2026-01-14;840;Salvador;Juliana Santos;Tablet;Nigel Obando;Feminino;10:14:44;1;1200,0;Dinheiro
2026-01-14;1597;Porto Alegre;Rafael Oliveira;Notebook;Adam Lee;Masculino;23:37:50;1;3500,0;Dinheiro
2026-01-14;1634;Salvador;Juliana Santos;Smartphone;Jennifer Greene;Masculino;17:46:50;1;1500,0;Pix
2026-01-14;1891;Rio de Janeiro;Carla Souza;Fone de Ouvido;Linda Turner;Masculino;18:56:51;5;1250,0;Cartão de Crédito
2026-01-15;36;Belo Horizonte;Ana Paula;Smartphone;Stephen Deshotel;Feminino;18:18:39;1;1500,0;Boleto
2026-01-15;475;Porto Alegre;Rafael Oliveira;Notebook;Eric Hyde;Feminino;16:38:42;2;7000,0;Dinheiro
2026-01-15;584;Porto Alegre;Rafael Oliveira;Smartphone;David Clark;Masculino;12:46:42;5;7500,0;Cartão de Crédito
2026-01-15;911;Salvador;Juliana Santos;Notebook;Adella Martinez;Masculino;02:06:44;5;17500,0;Boleto
2026-01-15;1406;São Paulo;Lucas Silva;Notebook;Gloria Racette;Feminino;09:19:48;1;3500,0;Pix
2026-01-15;1737;Rio de Janeiro;Carla Souza;Tablet;Alfonso Edwards;Masculino;10:35:50;5;6000,0;Cartão de Crédito
2026-01-15;1847;Belo Horizonte;Ana Paula;Notebook;Daniel Fugitt;Feminino;07:52:51;1;3500,0;Cartão de Crédito
2026-01-16;1683;São Paulo;Lucas Silva;Smartwatch;Stephen Brown;Masculino;04:59:50;2;1600,0;Pix
2026-01-17;893;Salvador;Thiago Pereira;Smartwatch;Carol Weldon;Masculino;17:26:44;2;1600,0;Dinheiro
2026-01-17;1130;Belo Horizonte;Fernando Alves;Smartwatch;Randy Battle;Masculino;02:38:46;2;1600,0;Cartão de Crédito
2026-01-17;1480;Rio de Janeiro;Carla Souza;Smartphone;Marvin Lowe;Masculino;02:06:49;2;3000,0;Dinheiro
2026-01-17;1598;Salvador;Juliana Santos;Smartwatch;Monica Stewart;Feminino;10:39:50;5;4000,0;Dinheiro
2026-01-17;1782;São Paulo;Aline Maria;Fone de Ouvido;Terrence Stover;Masculino;21:41:51;4;1000,0;Boleto
2026-01-18;94;São Paulo;Lucas Silva;Fone de Ouvido;Lori Dunning;Masculino;14:22:39;5;1250,0;Pix
2026-01-18;149;Belo Horizonte;Ana Paula;Tablet;Nancy Orenstein;Feminino;12:43:40;3;3600,0;Cartão de Crédito
2026-01-18;462;São Paulo;Aline Maria;Smartphone;Mabel Oxendine;Feminino;11:28:41;2;3000,0;Boleto
2026-01-18;1082;Porto Alegre;Rafael Oliveira;Notebook;Brenda Kile;Feminino;14:23:46;1;3500,0;Cartão de Crédito
2026-01-18;1605;São Paulo;Aline Maria;Smartphone;Brandon Lupez;Masculino;13:10:50;2;3000,0;Dinheiro
2026-01-19;860;Salvador;Juliana Santos;Tablet;Julie Johnson;Masculino;17:32:44;3;3600,0;Dinheiro
2026-01-19;974;Salvador;Juliana Santos;Smartphone;Joseph Hassell;Masculino;20:09:45;5;7500,0;Dinheiro
2026-01-19;1512;Belo Horizonte;Fernando Alves;Smartwatch;Sherry Evans;Feminino;21:25:49;2;1600,0;Dinheiro
2026-01-19;1987;Belo Horizonte;Ana Paula;Notebook;Jesse Lowe;Masculino;07:01:52;4;14000,0;Pix
2026-01-20;238;Belo Horizonte;Fernando Alves;Notebook;Allen Schumacher;Masculino;19:28:40;1;3500,0;Pix
2026-01-20;782;Belo Horizonte;Ana Paula;Notebook;Barry Howlett;Feminino;14:08:44;3;10500,0;Boleto
2026-01-20;1513;Porto Alegre;Rafael Oliveira;Smartphone;Walter Mayeux;Masculino;14:44:49;2;3000,0;Cartão de Crédito
2026-01-20;1600;Rio de Janeiro;Carla Souza;Tablet;Keith Jones;Feminino;02:47:50;3;3600,0;Cartão de Crédito
2026-01-21;624;Belo Horizonte;Ana Paula;Notebook;John Waldorf;Masculino;22:16:43;2;7000,0;Cartão de Crédito
2026-01-21;1092;Porto Alegre;Mariana Lima;Tablet;Heidi Rea;Feminino;07:18:46;1;1200,0;Cartão de Crédito
2026-01-21;1748;São Paulo;Aline Maria;Smartwatch;Karen Lam;Feminino;05:33:50;3;2400,0;Dinheiro
2026-01-21;1829;Salvador;Thiago Pereira;Notebook;Brooke Gomez;Feminino;08:37:51;1;3500,0;Dinheiro
2026-01-22;71;Rio de Janeiro;Bruno Costa;Smartwatch;Lawrence Crouch;Feminino;21:53:39;4;3200,0;Boleto
2026-01-22;197;Rio de Janeiro;Bruno Costa;Fone de Ouvido;Lou Plata;Feminino;21:23:40;4;1000,0;Dinheiro
2026-01-22;989;Porto Alegre;Rafael Oliveira;Smartwatch;Katherine Day;Feminino;19:21:45;3;2400,0;Boleto
2026-01-22;1006;Porto Alegre;Rafael Oliveira;Notebook;Hattie Petrie;Masculino;14:24:45;1;3500,0;Dinheiro
2026-01-22;1049;São Paulo;Aline Maria;Notebook;Pam Lelacheur;Feminino;07:24:45;1;3500,0;Cartão de Crédito
2026-01-22;1949;Porto Alegre;Mariana Lima;Tablet;Crystal Turner;Masculino;03:44:51;3;3600,0;Boleto
2026-01-23;214;São Paulo;Aline Maria;Smartphone;Jacqueline Rodriguez;Feminino;11:14:40;5;7500,0;Pix
2026-01-23;1217;São Paulo;Aline Maria;Smartphone;Nathaniel Monson;Masculino;14:07:47;1;1500,0;Boleto
2026-01-23;1470;Porto Alegre;Mariana Lima;Tablet;Joshua Bartz;Masculino;05:31:49;2;2400,0;Boleto
2026-01-23;1610;Rio de Janeiro;Bruno Costa;Tablet;Brett Draper;Feminino;04:37:50;2;2400,0;Cartão de Crédito
2026-01-24;892;Porto Alegre;Rafael Oliveira;Smartwatch;Hazel Greene;Masculino;04:30:44;2;1600,0;Dinheiro
2026-01-25;439;Salvador;Juliana Santos;Tablet;Carl Troiano;Masculino;09:09:41;4;4800,0;Cartão de Crédito
2026-01-25;800;Salvador;Juliana Santos;Notebook;Margie Partain;Feminino;22:15:44;1;3500,0;Dinheiro
2026-01-25;831;Rio de Janeiro;Bruno Costa;Smartphone;James Marini;Masculino;21:05:44;3;4500,0;Pix
2026-01-25;1340;São Paulo;Lucas Silva;Tablet;Diane Tokarski;Masculino;13:38:48;2;2400,0;Dinheiro
2026-01-25;1889;Belo Horizonte;Ana Paula;Notebook;Hubert Light;Masculino;05:38:51;1;3500,0;Dinheiro
2026-01-26;501;Porto Alegre;Mariana Lima;Notebook;Velma Pair;Feminino;03:13:42;3;10500,0;Cartão de Crédito
2026-01-26;788;Belo Horizonte;Fernando Alves;Notebook;Ramon Price;Feminino;17:48:44;4;14000,0;Cartão de Crédito
2026-01-26;1170;Belo Horizonte;Fernando Alves;Fone de Ouvido;Jennifer Webster;Masculino;20:56:47;1;250,0;Pix
2026-01-26;1902;Porto Alegre;Rafael Oliveira;Notebook;Eleanor Galindo;Masculino;23:07:51;4;14000,0;Boleto
2026-01-27;335;São Paulo;Aline Maria;Smartwatch;Alfredo Taylor;Masculino;21:16:41;1;800,0;Dinheiro
2026-01-27;465;Rio de Janeiro;Carla Souza;Smartphone;Howard Chagoya;Feminino;23:27:42;2;3000,0;Dinheiro
2026-01-27;936;Rio de Janeiro;Carla Souza;Notebook;Socorro Marriott;Feminino;12:11:45;4;14000,0;Cartão de Crédito
2026-01-27;1029;Belo Horizonte;Fernando Alves;Fone de Ouvido;Paul Ester;Masculino;04:41:45;1;250,0;Cartão de Crédito
2026-01-27;1067;São Paulo;Aline Maria;Fone de Ouvido;Sherry Blevins;Masculino;08:18:45;5;1250,0;Dinheiro
2026-01-27;1159;Porto Alegre;Rafael Oliveira;Fone de Ouvido;Rita Woll;Feminino;09:18:46;3;750,0;Boleto
2026-01-27;1464;Porto Alegre;Rafael Oliveira;Smartwatch;Carol Crum;Feminino;13:23:49;5;4000,0;Dinheiro
2026-01-27;1517;Salvador;Juliana Santos;Smartphone;Bradley Walker;Feminino;14:52:49;1;1500,0;Pix
2026-01-27;1739;Belo Horizonte;Fernando Alves;Smartwatch;James Cultice;Masculino;15:32:50;5;4000,0;Boleto
2026-01-27;1820;Porto Alegre;Rafael Oliveira;Smartphone;Tammy Fore;Feminino;00:49:51;3;4500,0;Dinheiro
2026-01-28;785;Salvador;Thiago Pereira;Smartphone;Vickie Marks;Masculino;14:10:44;2;3000,0;Dinheiro
2026-01-28;950;Porto Alegre;Mariana Lima;Notebook;Glen Neff;Masculino;16:41:45;5;17500,0;Dinheiro
2026-01-28;1235;Rio de Janeiro;Bruno Costa;Fone de Ouvido;Samuel Brown;Feminino;17:49:47;3;750,0;Boleto
2026-01-28;1291;Rio de Janeiro;Carla Souza;Smartphone;Johnny Sutton;Masculino;13:03:48;2;3000,0;Pix
2026-01-28;1504;Porto Alegre;Rafael Oliveira;Notebook;Earl Hart;Masculino;17:21:49;5;17500,0;Pix
2026-01-28;1625;Porto Alegre;Rafael Oliveira;Fone de Ouvido;Richard Robey;Masculino;11:30:50;4;1000,0;Dinheiro
2026-01-29;21;Salvador;Thiago Pereira;Fone de Ouvido;Jill Bindel;Masculino;16:09:39;3;750,0;Pix
2026-01-29;383;Porto Alegre;Rafael Oliveira;Tablet;Carol Archer;Masculino;20:36:41;2;2400,0;Pix
2026-01-29;683;Porto Alegre;Rafael Oliveira;Tablet;Thomas Snow;Masculino;00:43:43;1;1200,0;Cartão de Crédito
2026-01-29;848;Salvador;Juliana Santos;Smartwatch;Jean Fisher;Feminino;06:21:44;2;1600,0;Pix
2026-01-29;901;Belo Horizonte;Ana Paula;Tablet;Laura Osborne;Masculino;14:01:44;3;3600,0;Boleto
2026-01-29;1293;Rio de Janeiro;Carla Souza;Smartwatch;Julie Mayes;Masculino;11:24:48;4;3200,0;Pix
2026-01-30;690;Salvador;Juliana Santos;Fone de Ouvido;Phillip Godsey;Feminino;07:02:43;3;750,0;Boleto
2026-01-30;837;São Paulo;Lucas Silva;Fone de Ouvido;Muriel Jones;Masculino;17:20:44;3;750,0;Boleto
2026-01-30;1260;Porto Alegre;Mariana Lima;Fone de Ouvido;Mary Adams;Feminino;16:55:47;1;250,0;Boleto
2026-01-31;107;São Paulo;Lucas Silva;Smartphone;Laurel Williamson;Feminino;10:57:39;3;4500,0;Dinheiro
2026-01-31;122;Porto Alegre;Mariana Lima;Smartphone;Loren Nemith;Feminino;07:33:39;4;6000,0;Boleto
2026-01-31;194;Belo Horizonte;Ana Paula;Notebook;Lillian Nichols;Feminino;05:09:40;1;3500,0;Dinheiro
2026-01-31;539;Belo Horizonte;Fernando Alves;Tablet;Lance Flaherty;Masculino;19:22:42;5;6000,0;Cartão de Crédito
2026-01-31;1955;Porto Alegre;Rafael Oliveira;Smartphone;Maria Gibson;Feminino;05:05:51;1;1500,0;Cartão de Crédito
2026-02-01;268;Salvador;Thiago Pereira;Smartwatch;Janie Cultice;Masculino;18:50:40;4;3200,0;Dinheiro
2026-02-01;511;Porto Alegre;Mariana Lima;Fone de Ouvido;Kelly Shirley;Feminino;00:41:42;5;1250,0;Boleto
2026-02-01;963;Porto Alegre;Mariana Lima;Tablet;Keith Sanchez;Masculino;19:10:45;2;2400,0;Pix
2026-02-01;1546;Belo Horizonte;Ana Paula;Tablet;Erik Moon;Masculino;23:56:49;3;3600,0;Cartão de Crédito
2026-02-02;906;Porto Alegre;Rafael Oliveira;Smartphone;Jeffrey Harvey;Feminino;05:16:44;3;4500,0;Dinheiro
2026-02-02;1046;São Paulo;Aline Maria;Fone de Ouvido;Gordon Sult;Masculino;21:27:45;2;500,0;Dinheiro
2026-02-02;1306;Salvador;Juliana Santos;Tablet;Catherine Vitale;Feminino;00:14:48;1;1200,0;Pix
2026-02-02;1864;São Paulo;Lucas Silva;Tablet;Burt Duhl;Masculino;04:22:51;5;6000,0;Cartão de Crédito
2026-02-02;1940;Salvador;Thiago Pereira;Fone de Ouvido;Anita Abraham;Masculino;15:22:51;5;1250,0;Cartão de Crédito
2026-02-03;182;Porto Alegre;Mariana Lima;Smartwatch;Maurice Stewart;Feminino;21:57:40;3;2400,0;Dinheiro
2026-02-03;1666;Porto Alegre;Rafael Oliveira;Notebook;Alexandra Ochs;Masculino;01:36:50;5;17500,0;Boleto
2026-02-03;1839;Porto Alegre;Rafael Oliveira;Smartphone;Arlene Allison;Masculino;06:11:51;4;6000,0;Cartão de Crédito
2026-02-04;428;São Paulo;Aline Maria;Tablet;Billy Rosol;Feminino;03:46:41;4;4800,0;Boleto
2026-02-04;816;São Paulo;Aline Maria;Smartphone;Janet Tindall;Masculino;11:47:44;1;1500,0;Pix
2026-02-04;1010;Salvador;Juliana Santos;Notebook;Ernest Tuck;Feminino;18:17:45;1;3500,0;Pix
2026-02-04;1209;Belo Horizonte;Ana Paula;Smartwatch;Tanya Barclay;Feminino;05:20:47;5;4000,0;Boleto
2026-02-04;1425;Salvador;Thiago Pereira;Fone de Ouvido;George Riester;Feminino;19:00:48;4;1000,0;Boleto
2026-02-05;111;São Paulo;Aline Maria;Smartphone;Grace Figueroa;Masculino;12:52:39;1;1500,0;Boleto
2026-02-05;564;Salvador;Juliana Santos;Smartwatch;Karen Escalera;Masculino;06:11:42;3;2400,0;Boleto
2026-02-05;612;São Paulo;Aline Maria;Notebook;Fay Bower;Feminino;19:39:43;3;10500,0;Pix
2026-02-05;1793;Salvador;Thiago Pereira;Smartwatch;Violeta Murray;Masculino;20:58:51;5;4000,0;Dinheiro
2026-02-06;454;Porto Alegre;Mariana Lima;Notebook;David Baker;Masculino;07:30:41;1;3500,0;Dinheiro
2026-02-06;1386;Porto Alegre;Mariana Lima;Notebook;Corrine Ward;Masculino;13:29:48;1;3500,0;Pix
2026-02-06;1539;Porto Alegre;Rafael Oliveira;Smartphone;Joseph Dee;Masculino;21:13:49;5;7500,0;Pix
2026-02-06;1603;Salvador;Juliana Santos;Smartphone;Jane Gabaldon;Masculino;01:48:50;3;4500,0;Cartão de Crédito
2026-02-06;1794;Rio de Janeiro;Bruno Costa;Smartphone;Robert Kreitner;Masculino;16:11:51;2;3000,0;Dinheiro
2026-02-06;1877;Rio de Janeiro;Bruno Costa;Smartphone;Ali Soto;Feminino;02:42:51;3;4500,0;Dinheiro
2026-02-07;64;Porto Alegre;Rafael Oliveira;Notebook;Georgina Sadler;Masculino;07:36:39;2;7000,0;Dinheiro
2026-02-07;741;São Paulo;Lucas Silva;Fone de Ouvido;Robert Valdez;Masculino;01:04:43;4;1000,0;Pix
2026-02-07;810;Salvador;Juliana Santos;Smartwatch;Melissa Hawkins;Feminino;19:39:44;5;4000,0;Boleto
2026-02-07;1852;São Paulo;Aline Maria;Fone de Ouvido;Katherine Heineman;Feminino;19:24:51;5;1250,0;Dinheiro
2026-02-07;1903;Salvador;Juliana Santos;Fone de Ouvido;David Ortiz;Masculino;12:41:51;5;1250,0;Cartão de Crédito
2026-02-08;48;Salvador;Thiago Pereira;Fone de Ouvido;Leslie Mccutchen;Feminino;03:14:39;2;500,0;Boleto
2026-02-08;52;Porto Alegre;Mariana Lima;Notebook;Brenda Carlson;Masculino;14:02:39;3;10500,0;Dinheiro
2026-02-08;193;São Paulo;Aline Maria;Tablet;Deborah Sowl;Masculino;22:07:40;2;2400,0;Dinheiro
2026-02-08;298;São Paulo;Lucas Silva;Tablet;Jane Cade;Feminino;05:26:41;1;1200,0;Cartão de Crédito
2026-02-08;512;São Paulo;Aline Maria;Smartphone;Ellen Polly;Feminino;23:54:42;3;4500,0;Dinheiro
2026-02-08;1032;Porto Alegre;Mariana Lima;Tablet;Sarah Nedley;Masculino;05:41:45;5;6000,0;Cartão de Crédito
2026-02-08;1589;Rio de Janeiro;Bruno Costa;Smartwatch;Julia Davis;Feminino;20:50:49;4;3200,0;Pix
2026-02-09;168;Belo Horizonte;Fernando Alves;Notebook;Jennifer Ursprung;Feminino;03:06:40;4;14000,0;Dinheiro
2026-02-09;925;São Paulo;Lucas Silva;Tablet;Gordon Nelson;Masculino;06:08:44;2;2400,0;Boleto
2026-02-09;983;Salvador;Juliana Santos;Fone de Ouvido;Andrew Mullins;Feminino;13:44:45;1;250,0;Pix
2026-02-09;1439;Salvador;Thiago Pereira;Smartwatch;Derek Springfield;Masculino;10:01:48;1;800,0;Boleto
2026-02-09;1635;Rio de Janeiro;Bruno Costa;Smartphone;Michael Crane;Feminino;12:19:50;3;4500,0;Cartão de Crédito
2026-02-10;982;São Paulo;Lucas Silva;Fone de Ouvido;Constance Rolland;Feminino;00:36:45;4;1000,0;Pix
2026-02-10;1248;Rio de Janeiro;Carla Souza;Notebook;Elva Cooper;Feminino;06:58:47;3;10500,0;Pix
2026-02-11;314;Rio de Janeiro;Bruno Costa;Smartphone;Donna Barrera;Masculino;02:44:41;1;1500,0;Pix
2026-02-11;496;Rio de Janeiro;Carla Souza;Fone de Ouvido;Raymond Elkins;Masculino;07:24:42;4;1000,0;Pix
2026-02-11;527;Rio de Janeiro;Bruno Costa;Notebook;Donna Gallup;Feminino;00:08:42;1;3500,0;Pix
2026-02-11;1409;Belo Horizonte;Fernando Alves;Smartwatch;Jennifer Lee;Feminino;17:14:48;4;3200,0;Dinheiro
2026-02-11;1473;Porto Alegre;Mariana Lima;Notebook;Lloyd Gaskins;Feminino;11:45:49;5;17500,0;Cartão de Crédito
2026-02-11;1896;Porto Alegre;Rafael Oliveira;Smartphone;Kara Salazar;Masculino;00:47:51;4;6000,0;Cartão de Crédito
2026-02-12;273;São Paulo;Aline Maria;Smartwatch;Charles Young;Masculino;08:06:40;3;2400,0;Boleto
2026-02-12;1146;Rio de Janeiro;Carla Souza;Tablet;Bobby Stevens;Masculino;13:27:46;5;6000,0;Boleto
2026-02-12;1187;Rio de Janeiro;Bruno Costa;Smartphone;Amanda Giese;Feminino;23:23:47;1;1500,0;Pix
2026-02-12;1283;Salvador;Juliana Santos;Tablet;David Hernanez;Masculino;13:48:48;3;3600,0;Cartão de Crédito
2026-02-13;1003;Rio de Janeiro;Bruno Costa;Notebook;Roberta Skill;Feminino;07:33:45;1;3500,0;Pix
2026-02-13;1080;Rio de Janeiro;Carla Souza;Notebook;Charles Gaston;Feminino;22:32:46;5;17500,0;Pix
2026-02-13;1345;Rio de Janeiro;Carla Souza;Fone de Ouvido;Christine Crist;Feminino;19:37:48;1;250,0;Cartão de Crédito
2026-02-13;1584;Porto Alegre;Mariana Lima;Notebook;Ann Murry;Masculino;17:11:49;3;10500,0;Dinheiro
2026-02-13;1867;Porto Alegre;Mariana Lima;Fone de Ouvido;Inez Slaughter;Masculino;08:49:51;4;1000,0;Boleto
2026-02-14;385;Rio de Janeiro;Carla Souza;Smartwatch;Sara Haran;Feminino;07:51:41;4;3200,0;Cartão de Crédito
2026-02-14;423;São Paulo;Lucas Silva;Smartphone;Bill Burtch;Feminino;16:29:41;2;3000,0;Cartão de Crédito
2026-02-14;692;Salvador;Juliana Santos;Fone de Ouvido;Carol Oquendo;Masculino;12:04:43;3;750,0;Pix
2026-02-14;752;Porto Alegre;Mariana Lima;Smartwatch;Susan Weekley;Masculino;08:55:44;2;1600,0;Cartão de Crédito
2026-02-14;939;Porto Alegre;Rafael Oliveira;Fone de Ouvido;Debbie Serra;Masculino;16:26:45;4;1000,0;Cartão de Crédito
2026-02-14;1047;São Paulo;Lucas Silva;Fone de Ouvido;Lisa Kuns;Feminino;14:47:45;4;1000,0;Pix
2026-02-14;1218;Belo Horizonte;Ana Paula;Fone de Ouvido;Carl Carter;Masculino;19:41:47;3;750,0;Pix
2026-02-14;1220;Salvador;Thiago Pereira;Smartwatch;Darryl Burke;Feminino;06:42:47;4;3200,0;Dinheiro
2026-02-14;1284;Salvador;Juliana Santos;Tablet;Joyce Nichols;Feminino;17:17:48;3;3600,0;Cartão de Crédito
2026-02-14;1408;Porto Alegre;Rafael Oliveira;Tablet;Arline Grubb;Feminino;12:36:48;1;1200,0;Boleto
2026-02-14;1562;São Paulo;Lucas Silva;Smartphone;Matthew Wilson;Feminino;09:34:49;5;7500,0;Dinheiro
2026-02-14;1665;Belo Horizonte;Ana Paula;Tablet;Robin Murphy;Masculino;23:19:50;5;6000,0;Boleto
2026-02-15;343;Salvador;Juliana Santos;Tablet;Mike Lindsay;Masculino;07:26:41;5;6000,0;Pix
2026-02-15;778;São Paulo;Aline Maria;Tablet;Marquita Dudley;Feminino;04:09:44;1;1200,0;Dinheiro
2026-02-15;809;Porto Alegre;Mariana Lima;Fone de Ouvido;Sonia Duncan;Feminino;21:03:44;5;1250,0;Boleto
2026-02-15;877;Belo Horizonte;Ana Paula;Tablet;Jackie Cruz;Masculino;20:06:44;2;2400,0;Cartão de Crédito
2026-02-15;1162;Belo Horizonte;Fernando Alves;Smartphone;Valerie Witt;Masculino;02:01:46;1;1500,0;Cartão de Crédito
2026-02-15;1378;São Paulo;Aline Maria;Fone de Ouvido;Margaret Burnett;Feminino;03:40:48;5;1250,0;Boleto
2026-02-15;1560;Porto Alegre;Rafael Oliveira;Fone de Ouvido;Rochelle Lister;Masculino;23:47:49;4;1000,0;Boleto
2026-02-16;248;São Paulo;Lucas Silva;Smartwatch;George Herman;Feminino;05:36:40;3;2400,0;Cartão de Crédito
2026-02-16;481;São Paulo;Aline Maria;Fone de Ouvido;Kenny Bright;Feminino;13:00:42;1;250,0;Boleto
2026-02-16;797;Salvador;Thiago Pereira;Smartphone;Gregory Lowery;Masculino;07:27:44;2;3000,0;Dinheiro
2026-02-16;820;São Paulo;Lucas Silva;Smartphone;Shari Guth;Masculino;12:53:44;3;4500,0;Cartão de Crédito
2026-02-16;1792;Rio de Janeiro;Carla Souza;Notebook;Nicholas Parnell;Feminino;00:03:51;5;17500,0;Dinheiro
2026-02-16;1929;Belo Horizonte;Ana Paula;Smartwatch;Marion Gardiner;Feminino;04:43:51;2;1600,0;Dinheiro
2026-02-17;789;Rio de Janeiro;Carla Souza;Fone de Ouvido;Jay Hodges;Masculino;21:03:44;5;1250,0;Boleto
2026-02-17;1226;São Paulo;Aline Maria;Tablet;Cassandra Saul;Feminino;05:20:47;5;6000,0;Dinheiro
2026-02-17;1303;Belo Horizonte;Ana Paula;Fone de Ouvido;Santiago Simonson;Masculino;00:25:48;1;250,0;Cartão de Crédito
2026-02-18;112;Belo Horizonte;Fernando Alves;Smartphone;Edward Thomas;Feminino;07:04:39;1;1500,0;Cartão de Crédito
2026-02-18;412;São Paulo;Aline Maria;Smartwatch;David Garver;Masculino;18:38:41;4;3200,0;Boleto
2026-02-18;755;Porto Alegre;Mariana Lima;Fone de Ouvido;Francis Roberts;Feminino;19:21:44;3;750,0;Boleto
2026-02-18;1287;Porto Alegre;Rafael Oliveira;Smartwatch;Larry Hester;Masculino;06:03:48;5;4000,0;Dinheiro
2026-02-18;1984;Rio de Janeiro;Bruno Costa;Fone de Ouvido;Susan Cloud;Feminino;19:53:52;3;750,0;Pix
2026-02-19;221;Porto Alegre;Mariana Lima;Fone de Ouvido;Luz Murphy;Feminino;11:36:40;4;1000,0;Boleto
2026-02-19;716;São Paulo;Aline Maria;Notebook;Donna Desmond;Masculino;19:58:43;3;10500,0;Pix
2026-02-19;1137;Rio de Janeiro;Carla Souza;Fone de Ouvido;Daniel Botello;Feminino;02:32:46;4;1000,0;Dinheiro
2026-02-19;1331;Salvador;Thiago Pereira;Smartphone;Maryellen Spicher;Feminino;03:32:48;1;1500,0;Boleto
2026-02-19;1363;Rio de Janeiro;Bruno Costa;Smartwatch;Juan Mabry;Feminino;10:32:48;2;1600,0;Boleto
2026-02-19;1796;Salvador;Thiago Pereira;Tablet;Paulette Rojas;Masculino;00:30:51;1;1200,0;Cartão de Crédito
2026-02-20;595;Salvador;Juliana Santos;Tablet;Craig Gray;Feminino;00:19:42;4;4800,0;Cartão de Crédito
2026-02-20;1522;Porto Alegre;Rafael Oliveira;Notebook;Bruce Caldwell;Feminino;05:18:49;4;14000,0;Boleto
2026-02-20;1992;Porto Alegre;Rafael Oliveira;Tablet;Martha Tetzloff;Feminino;00:11:52;3;3600,0;Cartão de Crédito
2026-02-21;278;Rio de Janeiro;Bruno Costa;Notebook;William Fore;Feminino;02:55:40;4;14000,0;Pix
2026-02-21;311;São Paulo;Aline Maria;Smartphone;Kay Miller;Masculino;12:13:41;1;1500,0;Boleto
2026-02-21;427;Porto Alegre;Mariana Lima;Tablet;Richard Loch;Feminino;16:54:41;3;3600,0;Boleto
2026-02-21;736;São Paulo;Lucas Silva;Fone de Ouvido;Joan Diaz;Masculino;11:32:43;4;1000,0;Pix
2026-02-21;870;Porto Alegre;Mariana Lima;Smartphone;Brenda Squire;Masculino;06:04:44;4;6000,0;Cartão de Crédito
2026-02-21;1652;Porto Alegre;Rafael Oliveira;Fone de Ouvido;Blake Neaves;Feminino;18:24:50;5;1250,0;Pix
2026-02-21;1656;São Paulo;Lucas Silva;Notebook;Richard Long;Masculino;20:05:50;2;7000,0;Boleto
2026-02-21;1912;Rio de Janeiro;Bruno Costa;Tablet;Hazel Chamberlain;Feminino;15:43:51;1;1200,0;Cartão de Crédito
2026-02-22;116;Porto Alegre;Mariana Lima;Smartwatch;Russell Turnbull;Feminino;14:53:39;4;3200,0;Dinheiro
2026-02-22;295;Belo Horizonte;Fernando Alves;Tablet;Howard Sanchez;Masculino;00:54:41;4;4800,0;Boleto
2026-02-22;424;Porto Alegre;Mariana Lima;Smartwatch;Dolly Conner;Masculino;08:20:41;5;4000,0;Cartão de Crédito
2026-02-22;890;Belo Horizonte;Ana Paula;Smartwatch;Richard Clayton;Feminino;05:29:44;2;1600,0;Cartão de Crédito
2026-02-22;1410;Belo Horizonte;Ana Paula;Tablet;Mary Mccall;Masculino;15:59:48;5;6000,0;Cartão de Crédito
2026-02-23;90;Belo Horizonte;Fernando Alves;Tablet;Zenaida Brinson;Feminino;23:33:39;5;6000,0;Pix
2026-02-23;516;Rio de Janeiro;Carla Souza;Notebook;Laura Murphy;Feminino;17:13:42;4;14000,0;Cartão de Crédito
2026-02-23;543;Rio de Janeiro;Carla Souza;Notebook;Troy Wellman;Masculino;06:56:42;4;14000,0;Dinheiro
2026-02-24;105;Belo Horizonte;Fernando Alves;Smartwatch;Amanda Doolittle;Masculino;13:39:39;5;4000,0;Boleto
2026-02-24;573;Salvador;Juliana Santos;Fone de Ouvido;Theresa Mason;Feminino;16:19:42;4;1000,0;Pix
2026-02-24;847;Salvador;Thiago Pereira;Fone de Ouvido;Lawrence Vazquez;Feminino;10:29:44;1;250,0;Boleto
2026-02-24;1887;Rio de Janeiro;Carla Souza;Notebook;Antonio Thompson;Masculino;10:08:51;1;3500,0;Pix
2026-02-24;1993;Porto Alegre;Rafael Oliveira;Fone de Ouvido;Mary Maloney;Feminino;02:55:52;1;250,0;Pix
2026-02-25;249;São Paulo;Aline Maria;Smartwatch;Clayton Bedgood;Masculino;08:37:40;2;1600,0;Pix
2026-02-26;55;São Paulo;Lucas Silva;Fone de Ouvido;Pamela Mcdaniel;Feminino;00:31:39;4;1000,0;Cartão de Crédito
2026-02-26;580;Belo Horizonte;Ana Paula;Smartwatch;Helene Pelfrey;Masculino;22:24:42;3;2400,0;Cartão de Crédito
2026-02-26;808;Rio de Janeiro;Carla Souza;Notebook;Christopher Vellekamp;Feminino;14:54:44;2;7000,0;Dinheiro
2026-02-26;949;Salvador;Thiago Pereira;Notebook;Charles Ball;Masculino;00:26:45;4;14000,0;Boleto
2026-02-26;1118;Porto Alegre;Rafael Oliveira;Fone de Ouvido;Donald Trotz;Feminino;16:17:46;4;1000,0;Dinheiro
2026-02-26;1173;Porto Alegre;Mariana Lima;Fone de Ouvido;Jacqueline Cedillo;Masculino;23:03:47;2;500,0;Cartão de Crédito
2026-02-26;1214;Salvador;Juliana Santos;Fone de Ouvido;Elaina Kraft;Feminino;14:09:47;1;250,0;Boleto
2026-02-26;1750;Salvador;Juliana Santos;Notebook;Sandra Stone;Feminino;12:13:50;1;3500,0;Pix
2026-02-26;1913;São Paulo;Aline Maria;Tablet;Janet Ives;Masculino;14:30:51;1;1200,0;Cartão de Crédito
2026-02-26;1980;Porto Alegre;Rafael Oliveira;Notebook;Martha Hodges;Masculino;18:37:52;3;10500,0;Dinheiro
2026-02-27;70;Salvador;Thiago Pereira;Notebook;Michele Coates;Feminino;16:08:39;5;17500,0;Pix
2026-02-27;91;Belo Horizonte;Ana Paula;Tablet;Robert Hamilton;Masculino;21:29:39;5;6000,0;Boleto
2026-02-27;555;Rio de Janeiro;Carla Souza;Tablet;Mary Phillips;Feminino;14:19:42;3;3600,0;Cartão de Crédito
2026-02-27;1097;Porto Alegre;Rafael Oliveira;Smartwatch;John Williams;Feminino;03:42:46;1;800,0;Pix
2026-02-28;460;São Paulo;Aline Maria;Fone de Ouvido;Patricia Harden;Feminino;13:01:41;2;500,0;Boleto
2026-02-28;722;Belo Horizonte;Ana Paula;Tablet;Donald Nagy;Feminino;03:17:43;2;2400,0;Dinheiro
2026-03-01;373;Rio de Janeiro;Bruno Costa;Smartphone;Claude Bell;Feminino;23:22:41;5;7500,0;Boleto
2026-03-01;677;Rio de Janeiro;Bruno Costa;Tablet;Rebecca Fedele;Feminino;16:50:43;5;6000,0;Dinheiro
2026-03-01;702;Porto Alegre;Rafael Oliveira;Fone de Ouvido;Diane Mcguirl;Feminino;11:14:43;2;500,0;Boleto
2026-03-01;1709;Belo Horizonte;Ana Paula;Tablet;Jamel Benavidez;Masculino;01:29:50;5;6000,0;Pix
2026-03-02;477;Salvador;Thiago Pereira;Tablet;Jose Moore;Masculino;18:16:42;4;4800,0;Pix
2026-03-02;1034;Porto Alegre;Rafael Oliveira;Fone de Ouvido;Michael Stassi;Feminino;07:19:45;1;250,0;Dinheiro
2026-03-02;1151;Porto Alegre;Mariana Lima;Smartphone;Clara Mcnair;Masculino;10:07:46;2;3000,0;Cartão de Crédito
2026-03-02;1601;Rio de Janeiro;Bruno Costa;Tablet;Justin Johnson;Masculino;09:47:50;3;3600,0;Pix
2026-03-02;1745;Rio de Janeiro;Bruno Costa;Fone de Ouvido;Ronnie Gragg;Feminino;14:27:50;4;1000,0;Dinheiro
2026-03-02;1798;Salvador;Thiago Pereira;Smartwatch;Mindy Wendt;Masculino;15:56:51;1;800,0;Dinheiro
2026-03-02;1811;São Paulo;Aline Maria;Smartphone;Joe Orr;Feminino;13:35:51;5;7500,0;Boleto
2026-03-02;1872;São Paulo;Lucas Silva;Fone de Ouvido;Charlene Zook;Feminino;09:32:51;3;750,0;Cartão de Crédito
2026-03-03;3;Porto Alegre;Rafael Oliveira;Fone de Ouvido;Norma Shaw;Masculino;05:57:39;3;750,0;Pix
2026-03-03;216;São Paulo;Lucas Silva;Smartphone;Thomas Gibson;Feminino;02:05:40;2;3000,0;Dinheiro
2026-03-03;1372;Belo Horizonte;Ana Paula;Tablet;Glenn Weber;Masculino;12:22:48;1;1200,0;Cartão de Crédito
2026-03-03;1389;Salvador;Thiago Pereira;Notebook;James Goldstein;Masculino;12:34:48;3;10500,0;Pix
2026-03-03;1715;São Paulo;Lucas Silva;Smartwatch;Thomas Burchfield;Feminino;14:08:50;4;3200,0;Boleto
2026-03-03;1901;Belo Horizonte;Ana Paula;Smartwatch;Benjamin Macchiaroli;Feminino;04:49:51;3;2400,0;Cartão de Crédito
2026-03-04;320;Porto Alegre;Rafael Oliveira;Notebook;Dixie Mcgarey;Feminino;01:06:41;2;7000,0;Cartão de Crédito
2026-03-04;861;Rio de Janeiro;Bruno Costa;Fone de Ouvido;Patrick Garland;Feminino;22:51:44;3;750,0;Cartão de Crédito
2026-03-04;1060;São Paulo;Aline Maria;Fone de Ouvido;Rebecca Knox;Masculino;13:37:45;4;1000,0;Dinheiro
2026-03-04;1415;Rio de Janeiro;Bruno Costa;Notebook;Gertrude Lee;Feminino;01:18:48;3;10500,0;Cartão de Crédito
2026-03-04;1619;São Paulo;Lucas Silva;Notebook;Samantha Jimenez;Masculino;05:12:50;5;17500,0;Pix
2026-03-04;1650;Belo Horizonte;Fernando Alves;Fone de Ouvido;Lyla Stafford;Masculino;23:04:50;4;1000,0;Pix
2026-03-05;153;Belo Horizonte;Ana Paula;Notebook;Penny Clement;Feminino;12:07:40;1;3500,0;Cartão de Crédito
2026-03-05;190;Porto Alegre;Mariana Lima;Fone de Ouvido;Nichol Frey;Masculino;07:04:40;1;250,0;Cartão de Crédito
2026-03-05;367;São Paulo;Aline Maria;Tablet;Judy Carey;Feminino;13:29:41;4;4800,0;Boleto
2026-03-05;470;São Paulo;Lucas Silva;Smartwatch;Ben Cortez;Masculino;15:54:42;5;4000,0;Boleto
2026-03-05;905;Porto Alegre;Rafael Oliveira;Smartphone;Billy Palm;Masculino;23:05:44;4;6000,0;Pix
2026-03-05;915;Rio de Janeiro;Carla Souza;Smartwatch;Floyd Munnerlyn;Masculino;10:37:44;5;4000,0;Dinheiro
2026-03-05;923;Salvador;Juliana Santos;Tablet;Anthony Johnson;Feminino;15:49:44;3;3600,0;Cartão de Crédito
2026-03-05;1158;São Paulo;Aline Maria;Fone de Ouvido;Otis Kliebert;Feminino;02:40:46;2;500,0;Pix
2026-03-05;1171;São Paulo;Aline Maria;Smartphone;Gregory Lund;Masculino;06:42:47;3;4500,0;Boleto
2026-03-05;1530;Rio de Janeiro;Bruno Costa;Fone de Ouvido;Thomas Turner;Masculino;11:58:49;4;1000,0;Dinheiro
2026-03-05;1580;São Paulo;Lucas Silva;Fone de Ouvido;Selma Gallagher;Masculino;10:50:49;1;250,0;Pix
2026-03-05;1904;São Paulo;Lucas Silva;Tablet;Frank Lightfoot;Feminino;09:56:51;2;2400,0;Boleto
2026-03-06;535;São Paulo;Lucas Silva;Smartphone;Helen Newman;Feminino;03:36:42;5;7500,0;Cartão de Crédito
2026-03-06;850;Salvador;Juliana Santos;Tablet;Lucinda Thomas;Masculino;23:56:44;2;2400,0;Cartão de Crédito
2026-03-07;375;Porto Alegre;Rafael Oliveira;Smartphone;Teresa Schaedler;Feminino;05:58:41;4;6000,0;Dinheiro
2026-03-07;513;São Paulo;Aline Maria;Notebook;Jennifer Doyle;Feminino;14:30:42;1;3500,0;Pix
2026-03-07;775;São Paulo;Aline Maria;Notebook;Brandi Nathan;Masculino;04:14:44;1;3500,0;Pix
2026-03-07;1016;Porto Alegre;Mariana Lima;Fone de Ouvido;Daniel Carlozzi;Masculino;22:38:45;4;1000,0;Dinheiro
2026-03-07;1945;Salvador;Thiago Pereira;Smartphone;Christine Bell;Feminino;14:18:51;5;7500,0;Dinheiro
2026-03-08;337;Porto Alegre;Rafael Oliveira;Tablet;Tony Buchanan;Feminino;08:42:41;2;2400,0;Boleto
2026-03-08;589;São Paulo;Aline Maria;Smartwatch;Jamie Johnson;Masculino;00:42:42;2;1600,0;Pix
2026-03-08;1143;Salvador;Thiago Pereira;Notebook;Jean Davis;Feminino;03:15:46;5;17500,0;Pix
2026-03-08;1167;Rio de Janeiro;Bruno Costa;Smartphone;Alan Mcculler;Feminino;09:23:46;2;3000,0;Dinheiro
2026-03-08;1336;Salvador;Juliana Santos;Notebook;Tim Wilkinson;Masculino;15:23:48;1;3500,0;Cartão de Crédito
2026-03-09;114;Rio de Janeiro;Bruno Costa;Smartphone;Louis Samson;Masculino;22:15:39;4;6000,0;Cartão de Crédito
2026-03-09;729;Belo Horizonte;Ana Paula;Smartphone;Merle Rochester;Masculino;19:27:43;1;1500,0;Cartão de Crédito
2026-03-09;1670;Rio de Janeiro;Bruno Costa;Fone de Ouvido;Assunta Mcshea;Masculino;06:43:50;1;250,0;Boleto
2026-03-09;1884;Belo Horizonte;Ana Paula;Fone de Ouvido;Micheal Rayner;Feminino;16:35:51;1;250,0;Boleto
2026-03-09;1975;São Paulo;Lucas Silva;Notebook;Sean Vigil;Masculino;18:06:52;5;17500,0;Pix
2026-03-10;219;Belo Horizonte;Ana Paula;Smartwatch;Samuel Riston;Feminino;13:07:40;2;1600,0;Boleto
2026-03-10;507;Belo Horizonte;Fernando Alves;Smartwatch;David Houck;Masculino;10:09:42;5;4000,0;Boleto
2026-03-10;845;Belo Horizonte;Ana Paula;Notebook;Troy Lanham;Feminino;09:12:44;5;17500,0;Dinheiro
2026-03-10;873;Salvador;Juliana Santos;Fone de Ouvido;Nicholas Leon;Feminino;12:03:44;3;750,0;Pix
2026-03-10;951;Porto Alegre;Rafael Oliveira;Fone de Ouvido;Juanita Klingenberg;Masculino;01:02:45;1;250,0;Dinheiro
2026-03-10;1134;Salvador;Thiago Pereira;Fone de Ouvido;Donald Foley;Masculino;10:15:46;2;500,0;Dinheiro
2026-03-10;1202;Salvador;Thiago Pereira;Tablet;Clifton Zimmerman;Masculino;21:57:47;5;6000,0;Pix
2026-03-10;1476;Belo Horizonte;Ana Paula;Notebook;Robert Merrett;Masculino;13:43:49;3;10500,0;Pix
2026-03-10;1623;Porto Alegre;Rafael Oliveira;Smartwatch;Lisa Stewart;Feminino;15:03:50;5;4000,0;Cartão de Crédito
2026-03-10;1756;Salvador;Thiago Pereira;Smartwatch;Erika Ginther;Feminino;04:06:50;5;4000,0;Boleto
2026-03-11;386;Porto Alegre;Mariana Lima;Tablet;Belkis Schneider;Masculino;21:30:41;4;4800,0;Pix
2026-03-11;743;Rio de Janeiro;Bruno Costa;Smartwatch;Michael Hill;Feminino;20:36:43;1;800,0;Boleto
2026-03-11;1295;São Paulo;Aline Maria;Tablet;Steven Maasch;Feminino;10:46:48;4;4800,0;Dinheiro
2026-03-12;257;Rio de Janeiro;Carla Souza;Notebook;Elizabeth Baird;Feminino;02:52:40;3;10500,0;Boleto
2026-03-12;515;Salvador;Juliana Santos;Smartphone;Maria Kooser;Masculino;13:50:42;5;7500,0;Cartão de Crédito
2026-03-12;875;Porto Alegre;Mariana Lima;Notebook;Vance Borden;Feminino;23:25:44;5;17500,0;Cartão de Crédito
2026-03-12;1326;Salvador;Thiago Pereira;Notebook;Nita Lopez;Feminino;12:29:48;4;14000,0;Pix
2026-03-13;399;São Paulo;Lucas Silva;Fone de Ouvido;Henry Mcbride;Feminino;12:53:41;5;1250,0;Pix
2026-03-13;852;Rio de Janeiro;Carla Souza;Notebook;Jennifer Allen;Feminino;16:27:44;2;7000,0;Cartão de Crédito
2026-03-13;980;Porto Alegre;Rafael Oliveira;Fone de Ouvido;William Funk;Feminino;05:52:45;4;1000,0;Dinheiro
2026-03-13;1076;Salvador;Juliana Santos;Fone de Ouvido;Erin Hesson;Masculino;16:31:46;5;1250,0;Dinheiro
2026-03-13;1084;São Paulo;Lucas Silva;Smartphone;Arthur Rivera;Feminino;05:27:46;4;6000,0;Boleto
2026-03-13;1251;Salvador;Juliana Santos;Fone de Ouvido;Josefina Hardy;Feminino;04:12:47;3;750,0;Cartão de Crédito
2026-03-13;1285;Rio de Janeiro;Bruno Costa;Tablet;Sara Harper;Masculino;23:29:48;5;6000,0;Boleto
2026-03-13;1323;Belo Horizonte;Ana Paula;Fone de Ouvido;Sherita Bell;Masculino;18:59:48;5;1250,0;Boleto
2026-03-13;1621;Rio de Janeiro;Carla Souza;Fone de Ouvido;Timothy Hinkle;Feminino;22:27:50;4;1000,0;Boleto
2026-03-13;1682;Salvador;Thiago Pereira;Fone de Ouvido;Doris Reyna;Feminino;06:30:50;4;1000,0;Cartão de Crédito
2026-03-14;60;Porto Alegre;Rafael Oliveira;Notebook;Jeanne Santana;Masculino;03:37:39;3;10500,0;Pix
2026-03-14;302;Porto Alegre;Mariana Lima;Tablet;Judith Todd;Feminino;12:52:41;3;3600,0;Dinheiro
2026-03-14;1200;Porto Alegre;Rafael Oliveira;Fone de Ouvido;Laverne Phillips;Feminino;22:20:47;3;750,0;Pix
2026-03-14;1338;São Paulo;Aline Maria;Smartwatch;Bobbie Warren;Feminino;06:07:48;5;4000,0;Dinheiro
2026-03-14;1540;Belo Horizonte;Fernando Alves;Tablet;Janet Stavros;Feminino;07:40:49;4;4800,0;Cartão de Crédito
2026-03-14;1662;Porto Alegre;Mariana Lima;Smartphone;Vivian Mcdonald;Masculino;12:06:50;5;7500,0;Boleto
2026-03-14;1970;Rio de Janeiro;Bruno Costa;Notebook;Katherine May;Masculino;03:41:52;3;10500,0;Boleto
2026-03-15;366;Porto Alegre;Rafael Oliveira;Fone de Ouvido;Sara Young;Feminino;06:32:41;1;250,0;Pix
2026-03-15;417;Porto Alegre;Rafael Oliveira;Smartphone;Mary Bried;Feminino;15:44:41;5;7500,0;Cartão de Crédito
2026-03-15;724;Salvador;Thiago Pereira;Fone de Ouvido;Steven Ellis;Feminino;20:48:43;1;250,0;Pix
2026-03-15;1231;Belo Horizonte;Ana Paula;Smartwatch;Sheldon Mcfalls;Masculino;14:47:47;4;3200,0;Boleto
2026-03-15;1268;Salvador;Thiago Pereira;Notebook;Richard Johnson;Feminino;23:04:47;4;14000,0;Dinheiro
2026-03-15;1772;Salvador;Thiago Pereira;Smartwatch;Tiffany Wahlstrom;Masculino;10:33:51;4;3200,0;Cartão de Crédito
2026-03-16;1175;São Paulo;Lucas Silva;Smartphone;Jay Moreno;Feminino;10:46:47;1;1500,0;Dinheiro
2026-03-16;1314;Belo Horizonte;Ana Paula;Smartwatch;Patricia Bartlett;Feminino;14:47:48;4;3200,0;Pix
2026-03-16;1417;São Paulo;Aline Maria;Fone de Ouvido;Michael Anderson;Masculino;01:08:48;2;500,0;Dinheiro
2026-03-16;1538;Belo Horizonte;Fernando Alves;Notebook;Stephanie Klyce;Masculino;17:57:49;4;14000,0;Dinheiro
2026-03-16;1855;Salvador;Juliana Santos;Tablet;Goldie Williams;Feminino;21:59:51;5;6000,0;Boleto
2026-03-17;11;Salvador;Thiago Pereira;Notebook;Cary Hansen;Feminino;02:38:39;3;10500,0;Pix
2026-03-17;121;São Paulo;Lucas Silva;Smartwatch;Barb Guajardo;Masculino;05:12:39;1;800,0;Boleto
2026-03-17;620;Salvador;Juliana Santos;Tablet;Kathy Brock;Masculino;23:41:43;4;4800,0;Boleto
2026-03-17;711;Porto Alegre;Mariana Lima;Fone de Ouvido;Janet Lee;Feminino;15:30:43;3;750,0;Dinheiro
2026-03-17;726;São Paulo;Aline Maria;Smartphone;Raymond Mccauley;Feminino;21:30:43;5;7500,0;Cartão de Crédito
2026-03-17;947;Porto Alegre;Rafael Oliveira;Notebook;Lan Davis;Feminino;13:48:45;5;17500,0;Boleto
2026-03-18;695;Salvador;Thiago Pereira;Smartphone;Mary Feinstein;Masculino;03:54:43;3;4500,0;Boleto
2026-03-18;881;Porto Alegre;Rafael Oliveira;Notebook;Luz Jackson;Feminino;14:19:44;2;7000,0;Cartão de Crédito
2026-03-18;1962;Porto Alegre;Rafael Oliveira;Notebook;Lillian Damboise;Masculino;14:59:51;3;10500,0;Cartão de Crédito
2026-03-19;68;Belo Horizonte;Ana Paula;Notebook;Jason Folmer;Masculino;04:52:39;4;14000,0;Boleto
2026-03-19;1787;São Paulo;Aline Maria;Smartphone;Clifford Swarey;Masculino;13:57:51;4;6000,0;Pix
2026-03-20;31;Porto Alegre;Rafael Oliveira;Smartphone;Clifton Neal;Feminino;23:11:39;1;1500,0;Pix
2026-03-20;327;Salvador;Thiago Pereira;Smartphone;Brandi Sosa;Feminino;06:21:41;1;1500,0;Cartão de Crédito
2026-03-20;1050;Belo Horizonte;Ana Paula;Tablet;Roberta Demarsico;Masculino;03:19:45;4;4800,0;Pix
2026-03-20;1305;Salvador;Thiago Pereira;Smartphone;Jaime Reed;Feminino;13:08:48;1;1500,0;Boleto
2026-03-20;1537;São Paulo;Aline Maria;Tablet;Melvin Rodrigez;Feminino;00:38:49;1;1200,0;Pix
2026-03-21;127;São Paulo;Lucas Silva;Notebook;Riley Cody;Feminino;18:47:40;3;10500,0;Pix
2026-03-21;486;Belo Horizonte;Ana Paula;Smartwatch;George Torres;Masculino;14:26:42;5;4000,0;Pix
2026-03-21;1536;Belo Horizonte;Fernando Alves;Notebook;Edith Nickerson;Feminino;14:12:49;4;14000,0;Cartão de Crédito
2026-03-21;1935;Rio de Janeiro;Carla Souza;Smartphone;Michael Lavery;Masculino;04:28:51;2;3000,0;Boleto
2026-03-22;432;Rio de Janeiro;Bruno Costa;Tablet;Steven Williams;Masculino;21:46:41;3;3600,0;Cartão de Crédito
2026-03-22;1051;Belo Horizonte;Ana Paula;Notebook;Rory Marvel;Masculino;04:41:45;3;10500,0;Pix
2026-03-22;1632;Belo Horizonte;Fernando Alves;Smartphone;Angelica Goodman;Masculino;10:33:50;1;1500,0;Pix
2026-03-23;948;Porto Alegre;Rafael Oliveira;Smartphone;Anthony Benningfield;Masculino;22:08:45;5;7500,0;Cartão de Crédito
2026-03-23;1098;Porto Alegre;Rafael Oliveira;Tablet;Robert Hartman;Feminino;03:57:46;3;3600,0;Pix
2026-03-24;297;São Paulo;Lucas Silva;Notebook;David Smith;Feminino;19:29:41;3;10500,0;Dinheiro
2026-03-24;750;São Paulo;Aline Maria;Fone de Ouvido;Marge Kjellman;Masculino;21:41:43;3;750,0;Pix
2026-03-24;966;Porto Alegre;Rafael Oliveira;Notebook;Angelina Lee;Feminino;16:56:45;4;14000,0;Boleto
2026-03-24;984;Salvador;Juliana Santos;Notebook;Jerry Wood;Masculino;01:14:45;5;17500,0;Dinheiro
2026-03-24;1778;Porto Alegre;Rafael Oliveira;Notebook;Joan Ahrens;Masculino;02:18:51;4;14000,0;Cartão de Crédito
2026-03-25;39;Rio de Janeiro;Carla Souza;Fone de Ouvido;Lynette Stokes;Masculino;00:00:39;5;1250,0;Dinheiro
2026-03-25;113;Porto Alegre;Rafael Oliveira;Smartphone;Tiffani Brownell;Feminino;19:20:39;4;6000,0;Boleto
2026-03-25;377;Salvador;Juliana Santos;Smartphone;Heather Perez;Feminino;03:44:41;3;4500,0;Pix
2026-03-25;794;Rio de Janeiro;Bruno Costa;Smartwatch;Donald Shafer;Masculino;07:38:44;2;1600,0;Pix
2026-03-25;883;São Paulo;Lucas Silva;Smartwatch;Bryan Tolliver;Feminino;17:17:44;5;4000,0;Boleto
2026-03-25;1519;Porto Alegre;Rafael Oliveira;Tablet;Mary Castrejon;Feminino;09:17:49;5;6000,0;Cartão de Crédito
2026-03-26;132;Belo Horizonte;Ana Paula;Smartphone;Earl Hopkins;Masculino;03:38:40;1;1500,0;Pix
2026-03-26;239;Porto Alegre;Rafael Oliveira;Smartwatch;Lauren Craft;Masculino;12:24:40;4;3200,0;Cartão de Crédito
2026-03-26;270;Belo Horizonte;Ana Paula;Smartwatch;Charles Renfro;Feminino;00:47:40;1;800,0;Pix
2026-03-26;345;Salvador;Juliana Santos;Fone de Ouvido;Kathleen Bonk;Feminino;14:46:41;5;1250,0;Dinheiro
2026-03-26;665;São Paulo;Lucas Silva;Smartphone;Darrick Fulker;Feminino;13:33:43;2;3000,0;Pix
2026-03-26;1009;São Paulo;Aline Maria;Notebook;Gladys Dirienzo;Masculino;10:49:45;1;3500,0;Pix
2026-03-26;1503;Porto Alegre;Mariana Lima;Notebook;Chang Taylor;Feminino;06:03:49;1;3500,0;Boleto
2026-03-26;1552;Salvador;Thiago Pereira;Tablet;Tiffany Harris;Masculino;05:03:49;3;3600,0;Cartão de Crédito
2026-03-26;1558;Salvador;Juliana Santos;Notebook;Charles Baptiste;Feminino;08:25:49;2;7000,0;Boleto
2026-03-26;1861;São Paulo;Lucas Silva;Smartphone;Lynne Diefenbach;Feminino;17:52:51;1;1500,0;Pix
2026-03-27;210;Porto Alegre;Rafael Oliveira;Notebook;Keith Smith;Feminino;05:59:40;2;7000,0;Dinheiro
2026-03-27;445;Belo Horizonte;Fernando Alves;Notebook;Justin Lawrence;Feminino;04:04:41;3;10500,0;Cartão de Crédito
2026-03-27;610;Belo Horizonte;Ana Paula;Tablet;Paul Adams;Feminino;11:41:43;3;3600,0;Pix
2026-03-27;691;Salvador;Thiago Pereira;Notebook;Donnell Torres;Feminino;07:46:43;2;7000,0;Pix
2026-03-27;1567;São Paulo;Lucas Silva;Smartwatch;Juan Wilks;Feminino;04:32:49;5;4000,0;Pix
2026-03-27;1636;Rio de Janeiro;Carla Souza;Notebook;Lillie Clark;Masculino;22:31:50;2;7000,0;Dinheiro
2026-03-27;1703;Porto Alegre;Rafael Oliveira;Fone de Ouvido;Eric Avilla;Feminino;14:33:50;3;750,0;Boleto
2026-03-28;35;São Paulo;Aline Maria;Fone de Ouvido;Charlie Day;Feminino;10:47:39;4;1000,0;Cartão de Crédito
2026-03-28;97;São Paulo;Aline Maria;Notebook;Christine Shupe;Masculino;17:29:39;3;10500,0;Dinheiro
2026-03-28;520;Rio de Janeiro;Carla Souza;Fone de Ouvido;Justin Weimer;Feminino;13:50:42;2;500,0;Dinheiro
2026-03-28;1190;Rio de Janeiro;Bruno Costa;Tablet;Joan Faupel;Masculino;18:13:47;2;2400,0;Pix
2026-03-28;1224;Belo Horizonte;Fernando Alves;Smartwatch;Sherri Prehn;Feminino;06:29:47;1;800,0;Dinheiro
2026-03-28;1271;Porto Alegre;Mariana Lima;Smartphone;Joan Tagliente;Feminino;18:14:47;5;7500,0;Boleto
2026-03-28;1626;Porto Alegre;Rafael Oliveira;Tablet;Stuart Marcum;Masculino;18:50:50;4;4800,0;Pix
2026-03-28;1675;Porto Alegre;Mariana Lima;Tablet;Mark Lanzarin;Feminino;06:09:50;5;6000,0;Dinheiro
2026-03-28;1824;Rio de Janeiro;Carla Souza;Notebook;Thomas Guerrero;Feminino;04:57:51;5;17500,0;Boleto
2026-03-28;1971;Belo Horizonte;Fernando Alves;Notebook;Petra Worley;Masculino;14:04:52;5;17500,0;Pix
2026-03-29;224;São Paulo;Aline Maria;Notebook;Stanley Valerio;Feminino;23:31:40;4;14000,0;Dinheiro
2026-03-29;897;Rio de Janeiro;Carla Souza;Fone de Ouvido;Mary Peabody;Feminino;12:05:44;3;750,0;Pix
2026-03-29;1156;Belo Horizonte;Ana Paula;Tablet;Sylvia Mckane;Feminino;12:51:46;1;1200,0;Cartão de Crédito
2026-03-29;1178;Salvador;Thiago Pereira;Smartwatch;Luz Williams;Masculino;13:38:47;2;1600,0;Cartão de Crédito
2026-03-29;1352;Belo Horizonte;Ana Paula;Smartphone;Arthur Bay;Feminino;03:55:48;3;4500,0;Dinheiro
2026-03-29;1595;São Paulo;Lucas Silva;Fone de Ouvido;Laura Kaye;Masculino;16:33:50;4;1000,0;Boleto
2026-03-30;174;São Paulo;Aline Maria;Fone de Ouvido;Alexander Driscoll;Feminino;02:11:40;4;1000,0;Dinheiro
2026-03-30;491;Porto Alegre;Rafael Oliveira;Tablet;Evelyn Stubbs;Masculino;10:27:42;1;1200,0;Cartão de Crédito
2026-03-30;548;Rio de Janeiro;Carla Souza;Smartwatch;Mark Alarcon;Feminino;01:57:42;4;3200,0;Pix
2026-03-30;712;Rio de Janeiro;Bruno Costa;Fone de Ouvido;Kelly Mohr;Masculino;17:53:43;3;750,0;Cartão de Crédito
2026-03-30;1020;São Paulo;Lucas Silva;Tablet;Valerie Laster;Masculino;15:20:45;5;6000,0;Pix
2026-03-30;1136;Porto Alegre;Mariana Lima;Smartphone;Jonathan England;Feminino;07:47:46;4;6000,0;Cartão de Crédito
2026-03-30;1197;Salvador;Thiago Pereira;Notebook;Eleanor Miller;Feminino;03:51:47;5;17500,0;Boleto
2026-03-30;1364;Belo Horizonte;Fernando Alves;Smartwatch;Gary Barton;Feminino;16:01:48;5;4000,0;Boleto
2026-03-30;1692;Rio de Janeiro;Carla Souza;Smartphone;Heather Abell;Feminino;20:06:50;1;1500,0;Cartão de Crédito
2026-03-31;161;Belo Horizonte;Ana Paula;Fone de Ouvido;Ashley Burleson;Masculino;05:56:40;5;1250,0;Boleto
2026-03-31;291;Rio de Janeiro;Carla Souza;Fone de Ouvido;Denise Gutierrez;Feminino;22:18:41;3;750,0;Boleto
2026-03-31;744;Porto Alegre;Mariana Lima;Notebook;Mark Walker;Masculino;12:25:43;1;3500,0;Dinheiro
2026-03-31;1095;Rio de Janeiro;Bruno Costa;Smartphone;Amanda Majeski;Feminino;12:57:46;1;1500,0;Boleto
2026-03-31;1418;Porto Alegre;Mariana Lima;Tablet;Carmella Woody;Masculino;12:22:48;5;6000,0;Cartão de Crédito
2026-03-31;1818;Porto Alegre;Mariana Lima;Smartwatch;Kenneth Moseley;Masculino;23:01:51;4;3200,0;Pix
2026-03-31;1927;Salvador;Juliana Santos;Tablet;James Bell;Feminino;02:38:51;4;4800,0;Pix
2026-04-01;119;Salvador;Juliana Santos;Notebook;Troy Kelley;Masculino;18:06:39;3;10500,0;Cartão de Crédito
2026-04-01;398;Porto Alegre;Rafael Oliveira;Tablet;Lucile Brown;Masculino;21:56:41;5;6000,0;Pix
2026-04-01;446;Salvador;Thiago Pereira;Smartphone;Henry Campbell;Masculino;15:00:41;3;4500,0;Cartão de Crédito
2026-04-01;1054;Porto Alegre;Mariana Lima;Notebook;Mike Ammons;Masculino;18:33:45;4;14000,0;Boleto
2026-04-01;1168;Rio de Janeiro;Bruno Costa;Smartphone;Socorro Williams;Masculino;15:19:47;5;7500,0;Dinheiro
2026-04-01;1309;Porto Alegre;Rafael Oliveira;Notebook;Anthony Ward;Feminino;05:18:48;3;10500,0;Pix
2026-04-01;1315;Rio de Janeiro;Bruno Costa;Tablet;Tanya Law;Feminino;21:11:48;4;4800,0;Pix
2026-04-01;1758;São Paulo;Lucas Silva;Smartwatch;Elizabeth Duran;Feminino;03:45:50;2;1600,0;Dinheiro
2026-04-02;406;São Paulo;Lucas Silva;Fone de Ouvido;Latoya Grill;Masculino;13:10:41;5;1250,0;Cartão de Crédito
2026-04-02;625;São Paulo;Aline Maria;Smartphone;Leslee Smith;Feminino;08:46:43;2;3000,0;Pix
2026-04-02;787;Rio de Janeiro;Bruno Costa;Smartwatch;Kimberly Williams;Masculino;01:21:44;4;3200,0;Cartão de Crédito
2026-04-02;918;Salvador;Thiago Pereira;Fone de Ouvido;Elizabeth Hairr;Feminino;18:53:44;3;750,0;Pix
2026-04-02;959;Belo Horizonte;Fernando Alves;Tablet;Martha Wagner;Feminino;12:13:45;1;1200,0;Boleto
2026-04-02;1450;Porto Alegre;Mariana Lima;Smartwatch;Mariko Whitley;Masculino;23:16:49;5;4000,0;Dinheiro
2026-04-02;1707;Salvador;Juliana Santos;Smartphone;Pauline Fairhurst;Masculino;17:55:50;1;1500,0;Cartão de Crédito
2026-04-03;213;Salvador;Thiago Pereira;Smartwatch;Monica Pugh;Feminino;11:19:40;1;800,0;Pix
2026-04-03;227;Salvador;Thiago Pereira;Smartphone;Ray Silva;Masculino;04:16:40;2;3000,0;Boleto
2026-04-03;1030;Porto Alegre;Rafael Oliveira;Smartwatch;Troy Bowers;Feminino;09:40:45;5;4000,0;Cartão de Crédito
2026-04-03;1037;Belo Horizonte;Fernando Alves;Smartwatch;Homer Milton;Masculino;20:10:45;1;800,0;Dinheiro
2026-04-03;1838;Porto Alegre;Mariana Lima;Smartwatch;Andrew Wardinsky;Masculino;20:26:51;4;3200,0;Dinheiro
2026-04-04;49;Salvador;Thiago Pereira;Smartwatch;Marie Riseden;Feminino;09:06:39;4;3200,0;Boleto
2026-04-04;183;Salvador;Juliana Santos;Smartphone;Lauren Miller;Feminino;00:53:40;3;4500,0;Cartão de Crédito
2026-04-04;286;Salvador;Juliana Santos;Tablet;Willie Wittstock;Masculino;11:21:40;4;4800,0;Cartão de Crédito
2026-04-04;1500;Belo Horizonte;Fernando Alves;Tablet;John Johnson;Masculino;16:55:49;1;1200,0;Cartão de Crédito
2026-04-04;1814;Belo Horizonte;Fernando Alves;Smartphone;Carmen Deemer;Feminino;01:10:51;5;7500,0;Dinheiro
2026-04-04;1973;Porto Alegre;Rafael Oliveira;Notebook;Chad Kautz;Feminino;14:13:52;3;10500,0;Cartão de Crédito
2026-04-04;1998;Porto Alegre;Mariana Lima;Smartphone;Shelley Francois;Masculino;03:28:52;5;7500,0;Cartão de Crédito
2026-04-05;165;Rio de Janeiro;Carla Souza;Smartphone;Patrick Sison;Masculino;15:39:40;2;3000,0;Pix
2026-04-05;187;São Paulo;Lucas Silva;Smartwatch;Chia Maris;Feminino;23:57:40;5;4000,0;Dinheiro
2026-04-05;461;Salvador;Juliana Santos;Smartwatch;Francis Christopher;Feminino;10:11:41;5;4000,0;Pix
2026-04-05;1045;Salvador;Juliana Santos;Notebook;Clifford Jewell;Feminino;01:50:45;4;14000,0;Pix
2026-04-05;1388;Belo Horizonte;Ana Paula;Smartphone;Amanda Scott;Feminino;19:44:48;4;6000,0;Boleto
2026-04-06;169;Rio de Janeiro;Bruno Costa;Fone de Ouvido;Barbara Covington;Masculino;02:50:40;1;250,0;Pix
2026-04-06;871;Belo Horizonte;Ana Paula;Notebook;Juan Mccormick;Feminino;19:17:44;3;10500,0;Cartão de Crédito
2026-04-06;1299;Belo Horizonte;Ana Paula;Fone de Ouvido;Alison Mckinley;Masculino;11:39:48;3;750,0;Dinheiro
2026-04-06;1780;Salvador;Thiago Pereira;Fone de Ouvido;Terry Blake;Masculino;03:12:51;1;250,0;Boleto
2026-04-07;358;São Paulo;Aline Maria;Fone de Ouvido;Kaitlyn Thatcher;Feminino;17:43:41;1;250,0;Dinheiro
2026-04-07;961;Rio de Janeiro;Bruno Costa;Notebook;Earl Uchida;Masculino;12:49:45;4;14000,0;Cartão de Crédito
2026-04-07;1358;Belo Horizonte;Fernando Alves;Smartphone;Ralph Kaplan;Masculino;23:42:48;2;3000,0;Pix
2026-04-07;1362;Porto Alegre;Mariana Lima;Smartphone;Eve Jahns;Feminino;05:22:48;5;7500,0;Pix
2026-04-08;403;Salvador;Thiago Pereira;Notebook;Brandi Delarosa;Masculino;07:34:41;1;3500,0;Pix
2026-04-08;1495;Porto Alegre;Rafael Oliveira;Tablet;Wendy Elder;Feminino;06:24:49;4;4800,0;Boleto
2026-04-08;1726;Rio de Janeiro;Bruno Costa;Tablet;Donald Pawloski;Masculino;04:12:50;2;2400,0;Pix
2026-04-08;1849;Salvador;Thiago Pereira;Smartwatch;Betty Harris;Masculino;00:08:51;4;3200,0;Cartão de Crédito
2026-04-09;54;Rio de Janeiro;Carla Souza;Tablet;Carol Callahan;Masculino;00:19:39;4;4800,0;Pix
2026-04-09;648;Rio de Janeiro;Carla Souza;Tablet;Max Locklear;Masculino;04:15:43;4;4800,0;Cartão de Crédito
2026-04-09;749;Salvador;Juliana Santos;Notebook;Archie Teasley;Masculino;05:57:43;5;17500,0;Pix
2026-04-09;821;Belo Horizonte;Fernando Alves;Notebook;David Wurth;Feminino;02:55:44;2;7000,0;Dinheiro
2026-04-09;976;Porto Alegre;Mariana Lima;Notebook;Frank Taylor;Masculino;06:20:45;4;14000,0;Cartão de Crédito
2026-04-09;1211;Rio de Janeiro;Bruno Costa;Smartphone;Beverly Hulburt;Feminino;07:02:47;5;7500,0;Pix
2026-04-09;1570;São Paulo;Aline Maria;Fone de Ouvido;Gary Castro;Feminino;06:13:49;3;750,0;Boleto
2026-04-09;1937;Belo Horizonte;Fernando Alves;Notebook;Harry Chavez;Feminino;04:45:51;3;10500,0;Dinheiro
2026-04-10;981;São Paulo;Lucas Silva;Tablet;Gloria Davis;Feminino;17:45:45;2;2400,0;Pix
2026-04-10;1266;Porto Alegre;Mariana Lima;Smartwatch;Albert Rundlett;Feminino;03:33:47;1;800,0;Pix
2026-04-10;1720;Salvador;Juliana Santos;Fone de Ouvido;Lynna French;Feminino;00:50:50;4;1000,0;Cartão de Crédito
2026-04-11;191;Rio de Janeiro;Bruno Costa;Smartphone;Sylvia Powell;Masculino;05:50:40;2;3000,0;Dinheiro
2026-04-11;346;São Paulo;Aline Maria;Fone de Ouvido;Fred Tobler;Masculino;08:21:41;2;500,0;Pix
2026-04-11;578;Porto Alegre;Mariana Lima;Tablet;Joan Canpos;Feminino;14:41:42;3;3600,0;Pix
2026-04-11;921;Porto Alegre;Rafael Oliveira;Smartwatch;Michael Forshay;Feminino;22:37:44;2;1600,0;Dinheiro
2026-04-11;929;Porto Alegre;Rafael Oliveira;Notebook;Harold Longbrake;Masculino;18:26:44;2;7000,0;Pix
2026-04-11;1114;Porto Alegre;Rafael Oliveira;Tablet;James Boteilho;Masculino;14:43:46;3;3600,0;Pix
2026-04-11;1307;São Paulo;Lucas Silva;Fone de Ouvido;Yvonne Richard;Masculino;14:18:48;3;750,0;Dinheiro
2026-04-11;1311;Salvador;Thiago Pereira;Notebook;Kathleen Parker;Feminino;02:25:48;4;14000,0;Boleto
2026-04-11;1382;Rio de Janeiro;Bruno Costa;Smartphone;Darryl Pierce;Feminino;20:58:48;5;7500,0;Cartão de Crédito
2026-04-11;1463;Rio de Janeiro;Carla Souza;Fone de Ouvido;Michael Myers;Masculino;05:18:49;5;1250,0;Dinheiro
2026-04-11;1581;Porto Alegre;Rafael Oliveira;Fone de Ouvido;Melba Savoy;Feminino;07:09:49;2;500,0;Boleto
2026-04-12;73;Porto Alegre;Rafael Oliveira;Smartwatch;Regina Chen;Feminino;21:03:39;5;4000,0;Dinheiro
2026-04-12;339;São Paulo;Aline Maria;Tablet;Edward Mchugh;Masculino;18:04:41;4;4800,0;Pix
2026-04-12;553;Porto Alegre;Rafael Oliveira;Notebook;David Galbraith;Feminino;05:44:42;2;7000,0;Pix
2026-04-12;558;Salvador;Juliana Santos;Fone de Ouvido;Joyce Plumlee;Feminino;17:36:42;2;500,0;Dinheiro
2026-04-12;638;Rio de Janeiro;Carla Souza;Notebook;Lindsay Davis;Feminino;22:13:43;5;17500,0;Pix
2026-04-12;920;Salvador;Juliana Santos;Fone de Ouvido;Ronald Wright;Masculino;09:07:44;5;1250,0;Boleto
2026-04-12;991;Rio de Janeiro;Carla Souza;Smartwatch;Kathy Hernandez;Masculino;16:35:45;2;1600,0;Boleto
2026-04-12;1706;Salvador;Juliana Santos;Notebook;Patricia Woolfolk;Masculino;03:31:50;4;14000,0;Cartão de Crédito
2026-04-12;1873;Belo Horizonte;Fernando Alves;Smartphone;Martin Traficante;Masculino;20:41:51;2;3000,0;Dinheiro
2026-04-13;177;Belo Horizonte;Fernando Alves;Smartwatch;Donna Lukow;Masculino;08:46:40;5;4000,0;Dinheiro
2026-04-13;208;Rio de Janeiro;Bruno Costa;Tablet;Cathy Aparicio;Masculino;03:11:40;3;3600,0;Cartão de Crédito
2026-04-13;907;Porto Alegre;Rafael Oliveira;Smartwatch;Robert Davis;Masculino;12:17:44;2;1600,0;Pix
2026-04-13;1100;Salvador;Thiago Pereira;Notebook;Chelsea Dorschner;Feminino;22:46:46;3;10500,0;Cartão de Crédito
2026-04-14;338;Rio de Janeiro;Bruno Costa;Fone de Ouvido;Shane Clements;Feminino;18:11:41;5;1250,0;Cartão de Crédito
2026-04-14;568;São Paulo;Aline Maria;Fone de Ouvido;Gabriel Markham;Masculino;23:42:42;1;250,0;Dinheiro
2026-04-14;865;São Paulo;Lucas Silva;Smartwatch;Phillip Berri;Masculino;05:13:44;5;4000,0;Dinheiro
2026-04-14;1123;Salvador;Juliana Santos;Fone de Ouvido;Julie Hampshire;Feminino;13:01:46;2;500,0;Boleto
2026-04-14;1753;Salvador;Thiago Pereira;Tablet;Nancy Williams;Feminino;21:55:50;5;6000,0;Boleto
2026-04-15;968;São Paulo;Lucas Silva;Fone de Ouvido;Mary Perrault;Masculino;17:09:45;2;500,0;Dinheiro
2026-04-15;1116;São Paulo;Lucas Silva;Smartwatch;Andre Swinger;Feminino;03:34:46;2;1600,0;Dinheiro
2026-04-15;1899;Belo Horizonte;Fernando Alves;Smartwatch;James Kephart;Feminino;18:00:51;4;3200,0;Dinheiro
2026-04-16;62;Belo Horizonte;Ana Paula;Fone de Ouvido;Betty Girdler;Feminino;21:51:39;4;1000,0;Boleto
2026-04-16;180;Rio de Janeiro;Carla Souza;Notebook;Dennis Curd;Masculino;02:10:40;5;17500,0;Boleto
2026-04-16;537;Rio de Janeiro;Carla Souza;Tablet;Jessica Boyle;Feminino;15:12:42;2;2400,0;Cartão de Crédito
2026-04-16;922;Porto Alegre;Mariana Lima;Fone de Ouvido;Sam Brill;Feminino;18:59:44;4;1000,0;Pix
2026-04-16;1321;São Paulo;Aline Maria;Fone de Ouvido;Regina Jones;Feminino;16:43:48;2;500,0;Pix
2026-04-17;79;Rio de Janeiro;Bruno Costa;Smartphone;Lucille Miller;Feminino;13:54:39;1;1500,0;Boleto
2026-04-17;451;Rio de Janeiro;Bruno Costa;Fone de Ouvido;Barbara Gonzales;Masculino;20:13:41;4;1000,0;Pix
2026-04-17;733;Belo Horizonte;Ana Paula;Tablet;Garland Barr;Masculino;15:34:43;1;1200,0;Dinheiro
2026-04-17;740;São Paulo;Aline Maria;Fone de Ouvido;Ben Henry;Masculino;17:39:43;4;1000,0;Boleto
2026-04-17;1399;São Paulo;Lucas Silva;Fone de Ouvido;Michael Sites;Feminino;09:53:48;2;500,0;Dinheiro
2026-04-17;1596;Belo Horizonte;Ana Paula;Smartphone;George Skiles;Masculino;21:20:50;3;4500,0;Dinheiro
2026-04-17;1602;Porto Alegre;Mariana Lima;Smartwatch;Margaret Brewer;Feminino;14:29:50;5;4000,0;Dinheiro
2026-04-17;1734;Porto Alegre;Mariana Lima;Fone de Ouvido;Casey Faria;Masculino;07:16:50;5;1250,0;Boleto
2026-04-18;102;Rio de Janeiro;Bruno Costa;Smartphone;Anna Adams;Feminino;11:40:39;1;1500,0;Dinheiro
2026-04-18;528;Porto Alegre;Mariana Lima;Smartwatch;Martha Shearer;Feminino;23:35:42;1;800,0;Pix
2026-04-18;767;Belo Horizonte;Ana Paula;Notebook;Shirley Dyar;Feminino;10:38:44;2;7000,0;Boleto
2026-04-18;1239;Porto Alegre;Mariana Lima;Smartwatch;Bonnie Parker;Feminino;06:05:47;1;800,0;Boleto
2026-04-18;1276;São Paulo;Lucas Silva;Smartwatch;Daniel Wayne;Masculino;17:25:48;1;800,0;Cartão de Crédito
2026-04-19;274;São Paulo;Lucas Silva;Fone de Ouvido;Alba Seibert;Masculino;05:37:40;5;1250,0;Cartão de Crédito
2026-04-19;1208;Porto Alegre;Rafael Oliveira;Fone de Ouvido;John Saunders;Masculino;17:15:47;3;750,0;Pix
2026-04-20;1;Porto Alegre;Rafael Oliveira;Fone de Ouvido;Johnnie Leedom;Masculino;14:06:39;4;1000,0;Dinheiro
2026-04-20;226;Belo Horizonte;Fernando Alves;Notebook;Carl Ballard;Feminino;20:10:40;1;3500,0;Boleto
2026-04-20;1041;Porto Alegre;Mariana Lima;Tablet;Marshall So;Masculino;21:03:45;2;2400,0;Cartão de Crédito
2026-04-20;1383;Rio de Janeiro;Carla Souza;Tablet;Susan Keith;Masculino;16:52:48;1;1200,0;Cartão de Crédito
2026-04-20;1478;Porto Alegre;Rafael Oliveira;Smartphone;Clyde Charan;Masculino;15:28:49;3;4500,0;Pix
2026-04-20;1776;Rio de Janeiro;Carla Souza;Tablet;Joanne Jewell;Feminino;12:34:51;3;3600,0;Boleto
2026-04-20;1920;Rio de Janeiro;Bruno Costa;Smartphone;Ruby Ramirez;Masculino;17:06:51;1;1500,0;Pix
2026-04-21;30;São Paulo;Lucas Silva;Smartwatch;Stephen Tyree;Masculino;05:21:39;2;1600,0;Dinheiro
2026-04-21;348;Porto Alegre;Rafael Oliveira;Smartwatch;Gary Schuetze;Masculino;02:57:41;4;3200,0;Cartão de Crédito
2026-04-21;1648;Belo Horizonte;Fernando Alves;Fone de Ouvido;Josie Mincks;Masculino;08:36:50;3;750,0;Boleto
2026-04-21;1741;Salvador;Juliana Santos;Fone de Ouvido;Linda Wilson;Feminino;13:07:50;1;250,0;Pix
2026-04-22;476;Salvador;Thiago Pereira;Fone de Ouvido;Jerry Lorusso;Feminino;13:35:42;4;1000,0;Pix
2026-04-22;814;Rio de Janeiro;Bruno Costa;Fone de Ouvido;Frances Weitkamp;Feminino;02:26:44;1;250,0;Boleto
2026-04-22;1825;Rio de Janeiro;Bruno Costa;Smartphone;Derek Guerrero;Masculino;14:51:51;5;7500,0;Pix
2026-04-23;92;São Paulo;Lucas Silva;Smartphone;Sherry Kimme;Masculino;12:02:39;1;1500,0;Pix
2026-04-23;280;São Paulo;Lucas Silva;Smartphone;James Guerra;Feminino;11:05:40;3;4500,0;Pix
2026-04-23;292;São Paulo;Lucas Silva;Smartphone;Billie Fenn;Feminino;16:31:41;4;6000,0;Pix
2026-04-23;1083;São Paulo;Aline Maria;Tablet;Michael Morrison;Feminino;18:53:46;4;4800,0;Boleto
2026-04-23;1588;Rio de Janeiro;Carla Souza;Smartphone;Frances Garner;Masculino;13:24:49;5;7500,0;Cartão de Crédito
2026-04-24;985;São Paulo;Aline Maria;Smartphone;Herbert Durden;Feminino;03:02:45;1;1500,0;Pix
2026-04-25;654;Porto Alegre;Mariana Lima;Smartwatch;Rochelle Mercurio;Feminino;05:12:43;1;800,0;Cartão de Crédito
2026-04-25;997;São Paulo;Aline Maria;Smartphone;Lisa Williams;Masculino;12:23:45;3;4500,0;Cartão de Crédito
2026-04-25;1018;Porto Alegre;Mariana Lima;Smartwatch;Bessie Mcdowell;Masculino;14:26:45;1;800,0;Cartão de Crédito
2026-04-25;1035;Rio de Janeiro;Carla Souza;Smartphone;Marjorie Stovall;Masculino;18:12:45;1;1500,0;Pix
2026-04-25;1241;Porto Alegre;Mariana Lima;Smartphone;Robert Herda;Feminino;12:01:47;4;6000,0;Cartão de Crédito
2026-04-26;435;Salvador;Thiago Pereira;Smartphone;Brian Moulton;Feminino;06:45:41;5;7500,0;Dinheiro
2026-04-26;927;São Paulo;Aline Maria;Notebook;Patricia West;Masculino;04:32:44;1;3500,0;Dinheiro
2026-04-26;932;São Paulo;Lucas Silva;Smartphone;Justin Cooper;Masculino;04:24:45;4;6000,0;Boleto
2026-04-26;988;Belo Horizonte;Ana Paula;Smartwatch;Melissa Craighead;Feminino;21:46:45;4;3200,0;Pix
2026-04-26;1286;São Paulo;Aline Maria;Fone de Ouvido;Vicki Tressler;Masculino;21:58:48;2;500,0;Pix
2026-04-26;1651;São Paulo;Lucas Silva;Smartphone;Sarah Otoole;Feminino;12:40:50;5;7500,0;Boleto
2026-04-27;9;Porto Alegre;Rafael Oliveira;Smartphone;Blake Tyler;Masculino;05:13:39;3;4500,0;Dinheiro
2026-04-27;77;Rio de Janeiro;Carla Souza;Fone de Ouvido;Clarence Overton;Feminino;11:47:39;2;500,0;Boleto
2026-04-27;136;Belo Horizonte;Fernando Alves;Fone de Ouvido;Russell Sullivan;Feminino;12:23:40;3;750,0;Boleto
2026-04-27;675;Belo Horizonte;Ana Paula;Smartphone;Donald Holder;Masculino;04:23:43;5;7500,0;Dinheiro
2026-04-27;763;São Paulo;Aline Maria;Tablet;Marilyn Brown;Feminino;15:40:44;4;4800,0;Pix
2026-04-27;1127;Salvador;Juliana Santos;Smartphone;Linda Fisher;Masculino;01:51:46;1;1500,0;Cartão de Crédito
2026-04-27;1163;Belo Horizonte;Ana Paula;Smartwatch;Margarita Wilson;Feminino;15:47:46;3;2400,0;Pix
2026-04-27;1250;Salvador;Thiago Pereira;Smartphone;Venita Leko;Feminino;21:03:47;4;6000,0;Dinheiro
2026-04-27;1673;Porto Alegre;Mariana Lima;Notebook;Lawanda Bailey;Feminino;13:27:50;5;17500,0;Cartão de Crédito
2026-04-27;1676;Belo Horizonte;Fernando Alves;Smartphone;Charles Diaz;Feminino;09:55:50;4;6000,0;Dinheiro
2026-04-27;1997;Salvador;Juliana Santos;Notebook;Paul Christmas;Feminino;15:03:52;3;10500,0;Boleto
2026-04-28;509;Belo Horizonte;Fernando Alves;Smartwatch;Jessica Boyd;Feminino;00:01:42;4;3200,0;Boleto
2026-04-28;824;Porto Alegre;Mariana Lima;Fone de Ouvido;Michael Turner;Masculino;02:42:44;2;500,0;Pix
2026-04-28;1073;Belo Horizonte;Fernando Alves;Smartwatch;Celia Owens;Feminino;11:00:46;1;800,0;Pix
2026-04-28;1524;Porto Alegre;Mariana Lima;Notebook;Ricky Harrison;Feminino;00:54:49;1;3500,0;Boleto
2026-04-29;1104;São Paulo;Aline Maria;Fone de Ouvido;Aaron Dibari;Feminino;01:53:46;3;750,0;Boleto
2026-04-29;1335;Belo Horizonte;Fernando Alves;Smartwatch;Luther Taylor;Feminino;07:28:48;2;1600,0;Dinheiro
2026-04-29;1691;São Paulo;Aline Maria;Notebook;Anthony Herrera;Feminino;12:31:50;3;10500,0;Boleto
2026-04-29;1916;Rio de Janeiro;Bruno Costa;Fone de Ouvido;Christie Bonilla;Feminino;06:09:51;4;1000,0;Boleto
2026-04-30;151;Rio de Janeiro;Carla Souza;Fone de Ouvido;Howard Blandon;Masculino;09:55:40;1;250,0;Pix
2026-04-30;835;Belo Horizonte;Fernando Alves;Fone de Ouvido;Tami Fenderson;Feminino;20:14:44;2;500,0;Boleto
2026-04-30;1278;São Paulo;Lucas Silva;Smartwatch;Bobby Deal;Feminino;17:56:48;5;4000,0;Boleto
2026-04-30;1469;Porto Alegre;Rafael Oliveira;Smartphone;Cora Browning;Feminino;11:19:49;4;6000,0;Cartão de Crédito
2026-04-30;1498;São Paulo;Aline Maria;Notebook;Alphonso Parizo;Masculino;07:15:49;3;10500,0;Dinheiro
2026-04-30;1983;Salvador;Juliana Santos;Fone de Ouvido;Michael Dye;Feminino;04:14:52;3;750,0;Cartão de Crédito
2026-05-01;334;Salvador;Juliana Santos;Tablet;James Barnard;Feminino;11:31:41;1;1200,0;Cartão de Crédito
2026-05-01;1353;Porto Alegre;Rafael Oliveira;Notebook;Kyle Webb;Masculino;13:20:48;2;7000,0;Pix
2026-05-01;1645;Porto Alegre;Rafael Oliveira;Smartwatch;Stephen Alexander;Feminino;06:13:50;4;3200,0;Cartão de Crédito
2026-05-01;1761;São Paulo;Aline Maria;Tablet;Virginia Thornton;Feminino;18:06:50;1;1200,0;Boleto
2026-05-02;66;Porto Alegre;Mariana Lima;Fone de Ouvido;Jacqueline Mitchell;Masculino;02:34:39;4;1000,0;Dinheiro
2026-05-02;150;Rio de Janeiro;Carla Souza;Smartphone;Lawrence Morgan;Feminino;08:33:40;3;4500,0;Cartão de Crédito
2026-05-02;218;Belo Horizonte;Fernando Alves;Smartphone;Barabara Henry;Masculino;12:06:40;4;6000,0;Cartão de Crédito
2026-05-02;356;Porto Alegre;Rafael Oliveira;Fone de Ouvido;Toni Bates;Masculino;17:08:41;4;1000,0;Cartão de Crédito
2026-05-02;689;Rio de Janeiro;Carla Souza;Smartwatch;Vanessa Naef;Feminino;06:18:43;3;2400,0;Pix
2026-05-02;938;Salvador;Juliana Santos;Smartphone;Philip Carney;Masculino;21:01:45;4;6000,0;Cartão de Crédito
2026-05-02;953;Rio de Janeiro;Carla Souza;Smartwatch;Delia Mccain;Feminino;14:52:45;5;4000,0;Boleto
2026-05-02;1514;São Paulo;Lucas Silva;Fone de Ouvido;Jean Trout;Feminino;04:22:49;4;1000,0;Cartão de Crédito
2026-05-03;803;Salvador;Thiago Pereira;Tablet;Candace Dunn;Masculino;06:15:44;2;2400,0;Cartão de Crédito
2026-05-03;1810;São Paulo;Aline Maria;Smartwatch;June Sell;Masculino;06:16:51;5;4000,0;Boleto
2026-05-04;351;Rio de Janeiro;Carla Souza;Tablet;Ronald Bartley;Feminino;16:37:41;4;4800,0;Dinheiro
2026-05-04;591;Belo Horizonte;Ana Paula;Smartwatch;Mary Eldridge;Feminino;15:26:42;2;1600,0;Boleto
2026-05-04;854;Salvador;Juliana Santos;Smartphone;Christine Davis;Feminino;15:00:44;5;7500,0;Pix
2026-05-04;1124;Rio de Janeiro;Carla Souza;Smartphone;Eula Zirin;Masculino;16:52:46;4;6000,0;Cartão de Crédito
2026-05-04;1733;Salvador;Thiago Pereira;Smartphone;Ira Menken;Masculino;02:47:50;3;4500,0;Pix
2026-05-04;1786;Salvador;Thiago Pereira;Smartphone;Loretta Doherty;Feminino;09:22:51;4;6000,0;Cartão de Crédito
2026-05-05;402;Salvador;Juliana Santos;Smartwatch;Iris Shankle;Masculino;14:22:41;5;4000,0;Pix
2026-05-05;1329;Belo Horizonte;Fernando Alves;Fone de Ouvido;Shay Raney;Feminino;09:31:48;1;250,0;Boleto
2026-05-05;1986;Belo Horizonte;Ana Paula;Tablet;Robert Earvin;Feminino;04:22:52;2;2400,0;Pix
2026-05-06;519;Rio de Janeiro;Bruno Costa;Smartphone;Rebecca Weeks;Masculino;13:31:42;2;3000,0;Pix
2026-05-07;27;Belo Horizonte;Fernando Alves;Tablet;Mason Riffle;Feminino;20:06:39;4;4800,0;Pix
2026-05-07;284;Porto Alegre;Rafael Oliveira;Notebook;Jessie Spellman;Feminino;03:07:40;4;14000,0;Dinheiro
2026-05-07;1133;Rio de Janeiro;Carla Souza;Smartwatch;Delores Mills;Feminino;11:58:46;2;1600,0;Cartão de Crédito
2026-05-07;1207;Salvador;Juliana Santos;Notebook;Nora Vilain;Feminino;06:07:47;5;17500,0;Dinheiro
2026-05-08;309;Salvador;Juliana Santos;Smartwatch;Daniel Karter;Masculino;09:58:41;3;2400,0;Cartão de Crédito
2026-05-08;347;Belo Horizonte;Fernando Alves;Smartphone;Katharine Gaddis;Masculino;06:38:41;2;3000,0;Boleto
2026-05-08;598;Salvador;Thiago Pereira;Smartwatch;Anita Abbott;Feminino;19:28:42;2;1600,0;Boleto
2026-05-08;1069;São Paulo;Aline Maria;Smartphone;Lottie Fluker;Feminino;14:36:46;1;1500,0;Cartão de Crédito
2026-05-08;1871;Belo Horizonte;Ana Paula;Notebook;Carlos Voeltner;Masculino;21:48:51;4;14000,0;Cartão de Crédito
2026-05-09;140;Rio de Janeiro;Carla Souza;Smartphone;Jeffrey Field;Masculino;19:53:40;3;4500,0;Cartão de Crédito
2026-05-09;282;Rio de Janeiro;Bruno Costa;Notebook;Mark Catledge;Masculino;05:42:40;4;14000,0;Pix
2026-05-09;987;Porto Alegre;Mariana Lima;Smartwatch;Terrance Markovich;Masculino;00:50:45;1;800,0;Pix
2026-05-09;1361;Salvador;Thiago Pereira;Fone de Ouvido;Stephen Trela;Feminino;20:34:48;3;750,0;Boleto
2026-05-09;1398;Porto Alegre;Rafael Oliveira;Smartphone;Kerri Duong;Masculino;02:40:48;3;4500,0;Pix
2026-05-09;1594;Rio de Janeiro;Bruno Costa;Fone de Ouvido;Tim Empie;Feminino;06:43:49;2;500,0;Boleto
2026-05-09;1821;Rio de Janeiro;Carla Souza;Tablet;Adell Astorga;Feminino;15:39:51;1;1200,0;Cartão de Crédito
2026-05-10;83;São Paulo;Lucas Silva;Fone de Ouvido;Randy Davis;Feminino;15:45:39;4;1000,0;Pix
2026-05-10;144;São Paulo;Aline Maria;Notebook;Michael Dubois;Feminino;08:36:40;4;14000,0;Pix
2026-05-10;281;São Paulo;Lucas Silva;Notebook;Aura Neyman;Feminino;23:05:40;3;10500,0;Pix
2026-05-10;656;Porto Alegre;Rafael Oliveira;Tablet;Dana Rankin;Feminino;07:00:43;5;6000,0;Pix
2026-05-10;776;Belo Horizonte;Fernando Alves;Tablet;Harry Cain;Masculino;17:56:44;1;1200,0;Cartão de Crédito
2026-05-10;855;Rio de Janeiro;Bruno Costa;Tablet;Delores Livingston;Feminino;07:22:44;2;2400,0;Boleto
2026-05-10;1117;Porto Alegre;Rafael Oliveira;Notebook;Michelle Douglas;Masculino;03:50:46;3;10500,0;Cartão de Crédito
2026-05-10;1298;São Paulo;Aline Maria;Smartwatch;Christi Samuels;Feminino;17:12:48;1;800,0;Cartão de Crédito
2026-05-10;1354;Porto Alegre;Mariana Lima;Fone de Ouvido;Heather Dunford;Feminino;14:41:48;2;500,0;Cartão de Crédito
2026-05-10;1541;São Paulo;Aline Maria;Notebook;Tracy Hunter;Feminino;17:22:49;1;3500,0;Dinheiro
2026-05-10;1684;Salvador;Thiago Pereira;Tablet;Marian Perez;Masculino;09:08:50;4;4800,0;Boleto
2026-05-11;301;São Paulo;Aline Maria;Smartwatch;Oscar Flores;Feminino;07:32:41;2;1600,0;Dinheiro
2026-05-11;1140;São Paulo;Lucas Silva;Smartphone;Mary Moyer;Feminino;21:30:46;3;4500,0;Pix
2026-05-11;1807;Porto Alegre;Mariana Lima;Fone de Ouvido;Brad Ross;Masculino;22:25:51;3;750,0;Pix
2026-05-12;135;Belo Horizonte;Fernando Alves;Smartphone;David Plant;Feminino;06:44:40;3;4500,0;Boleto
2026-05-12;162;Porto Alegre;Mariana Lima;Notebook;Hazel Mcnair;Masculino;04:14:40;3;10500,0;Boleto
2026-05-12;862;Belo Horizonte;Fernando Alves;Tablet;Dee James;Masculino;19:06:44;2;2400,0;Cartão de Crédito
2026-05-12;1153;Belo Horizonte;Ana Paula;Smartwatch;Barry Williams;Masculino;18:05:46;5;4000,0;Pix
2026-05-12;1282;Belo Horizonte;Ana Paula;Smartphone;Christopher Trawick;Feminino;09:09:48;5;7500,0;Dinheiro
2026-05-12;1412;São Paulo;Aline Maria;Smartwatch;Luz Hughes;Masculino;22:01:48;1;800,0;Boleto
2026-05-12;1467;Salvador;Thiago Pereira;Smartphone;Austin Mitchell;Feminino;20:47:49;5;7500,0;Cartão de Crédito
2026-05-12;1907;Belo Horizonte;Fernando Alves;Smartphone;Melvin Hunter;Masculino;12:11:51;1;1500,0;Cartão de Crédito
2026-05-13;566;Salvador;Juliana Santos;Fone de Ouvido;Bradley Turner;Masculino;03:54:42;4;1000,0;Pix
2026-05-13;631;São Paulo;Aline Maria;Tablet;Ethel Mortell;Masculino;05:25:43;2;2400,0;Cartão de Crédito
2026-05-13;1502;Belo Horizonte;Ana Paula;Fone de Ouvido;Leslie Boone;Feminino;05:53:49;3;750,0;Cartão de Crédito
2026-05-13;1551;São Paulo;Aline Maria;Fone de Ouvido;Amie Trudeau;Feminino;16:25:49;1;250,0;Dinheiro
2026-05-13;1677;Porto Alegre;Rafael Oliveira;Tablet;Jewel Davis;Masculino;20:16:50;4;4800,0;Cartão de Crédito
2026-05-13;1687;Salvador;Thiago Pereira;Notebook;Donald Swafford;Masculino;01:25:50;3;10500,0;Dinheiro
2026-05-13;1890;Salvador;Thiago Pereira;Smartphone;Larry Martinez;Feminino;00:30:51;2;3000,0;Pix
2026-05-13;1958;Rio de Janeiro;Bruno Costa;Smartwatch;Anthony Zimmerman;Feminino;16:11:51;1;800,0;Cartão de Crédito
2026-05-14;321;São Paulo;Lucas Silva;Tablet;Paul Papp;Masculino;07:10:41;3;3600,0;Dinheiro
2026-05-14;593;Belo Horizonte;Ana Paula;Smartphone;Theressa Rollins;Masculino;21:59:42;1;1500,0;Boleto
2026-05-14;796;Rio de Janeiro;Bruno Costa;Tablet;Crystal Harold;Masculino;16:08:44;1;1200,0;Dinheiro
2026-05-14;919;Porto Alegre;Mariana Lima;Fone de Ouvido;Gerald Dreher;Masculino;09:39:44;4;1000,0;Cartão de Crédito
2026-05-14;926;Rio de Janeiro;Carla Souza;Smartwatch;Milagros Drury;Masculino;19:25:44;1;800,0;Cartão de Crédito
2026-05-14;1374;São Paulo;Aline Maria;Notebook;Leila Estes;Feminino;09:38:48;3;10500,0;Pix
2026-05-14;1671;Belo Horizonte;Fernando Alves;Smartphone;James Eaton;Feminino;23:51:50;5;7500,0;Pix
2026-05-15;33;Rio de Janeiro;Bruno Costa;Tablet;Lauren Byers;Feminino;02:35:39;3;3600,0;Boleto
2026-05-15;438;Belo Horizonte;Ana Paula;Notebook;Joshua Nesmith;Feminino;03:48:41;2;7000,0;Pix
2026-05-15;541;Belo Horizonte;Ana Paula;Fone de Ouvido;Charles Becker;Masculino;09:03:42;1;250,0;Boleto
2026-05-15;879;Belo Horizonte;Ana Paula;Smartphone;Andres King;Masculino;03:32:44;3;4500,0;Boleto
2026-05-15;1738;Rio de Janeiro;Bruno Costa;Fone de Ouvido;Margaret Starkey;Feminino;04:56:50;1;250,0;Cartão de Crédito
2026-05-15;1812;Belo Horizonte;Fernando Alves;Tablet;Margaret Mcguire;Feminino;20:09:51;4;4800,0;Cartão de Crédito
2026-05-15;1988;São Paulo;Aline Maria;Fone de Ouvido;Gloria Johnson;Feminino;13:39:52;3;750,0;Dinheiro
2026-05-16;5;São Paulo;Lucas Silva;Smartphone;Cody Vandyke;Masculino;04:01:39;3;4500,0;Dinheiro
2026-05-16;179;Rio de Janeiro;Bruno Costa;Smartwatch;Jamie Burke;Feminino;15:23:40;3;2400,0;Boleto
2026-05-16;503;São Paulo;Lucas Silva;Fone de Ouvido;Lee Wider;Feminino;22:10:42;2;500,0;Pix
2026-05-16;663;Belo Horizonte;Fernando Alves;Tablet;Christopher Slater;Masculino;23:37:43;4;4800,0;Cartão de Crédito
2026-05-16;669;Rio de Janeiro;Bruno Costa;Smartwatch;Adelina Viveros;Masculino;19:51:43;2;1600,0;Dinheiro
2026-05-16;1022;Rio de Janeiro;Bruno Costa;Tablet;Ralph Beaudoin;Feminino;23:44:45;4;4800,0;Boleto
2026-05-16;1196;Rio de Janeiro;Carla Souza;Notebook;Sandra Hairston;Masculino;12:15:47;4;14000,0;Cartão de Crédito
2026-05-16;1444;Porto Alegre;Rafael Oliveira;Smartphone;Daniel Collins;Masculino;08:58:49;2;3000,0;Boleto
2026-05-17;156;Porto Alegre;Mariana Lima;Tablet;Preston Wiley;Masculino;08:37:40;4;4800,0;Pix
2026-05-18;118;Rio de Janeiro;Carla Souza;Tablet;Lois Rehfield;Masculino;19:49:39;4;4800,0;Pix
2026-05-18;556;Belo Horizonte;Fernando Alves;Fone de Ouvido;Terry Docken;Masculino;06:00:42;3;750,0;Dinheiro
2026-05-18;931;São Paulo;Lucas Silva;Smartwatch;Sandra Vastardis;Masculino;09:28:45;1;800,0;Pix
2026-05-18;1481;Belo Horizonte;Ana Paula;Smartphone;Angela Taylor;Masculino;00:11:49;4;6000,0;Cartão de Crédito
2026-05-19;410;Rio de Janeiro;Bruno Costa;Smartwatch;John Williams;Feminino;21:18:41;3;2400,0;Pix
2026-05-19;468;Porto Alegre;Rafael Oliveira;Fone de Ouvido;Tim Carroll;Feminino;12:21:42;3;750,0;Boleto
2026-05-19;629;Porto Alegre;Mariana Lima;Notebook;Benjamin Barnhill;Masculino;06:44:43;2;7000,0;Boleto
2026-05-19;759;Salvador;Juliana Santos;Notebook;Teresa Conway;Feminino;04:16:44;3;10500,0;Boleto
2026-05-19;834;Porto Alegre;Rafael Oliveira;Notebook;Derek Watson;Feminino;23:23:44;4;14000,0;Cartão de Crédito
2026-05-19;876;Belo Horizonte;Fernando Alves;Notebook;Christopher Hubbard;Feminino;20:52:44;4;14000,0;Pix
2026-05-19;1391;Belo Horizonte;Ana Paula;Smartphone;Jack Morgan;Feminino;14:08:48;1;1500,0;Dinheiro
2026-05-19;1433;Salvador;Juliana Santos;Tablet;Mary Jessup;Feminino;11:37:48;5;6000,0;Boleto
2026-05-19;1960;Belo Horizonte;Ana Paula;Fone de Ouvido;Robert Camara;Feminino;05:27:51;1;250,0;Boleto
2026-05-20;164;São Paulo;Aline Maria;Notebook;Leisha Patterson;Feminino;18:12:40;3;10500,0;Cartão de Crédito
2026-05-20;215;Belo Horizonte;Ana Paula;Tablet;Jesse Warner;Feminino;12:16:40;4;4800,0;Pix
2026-05-20;380;São Paulo;Lucas Silva;Tablet;Jasmine Landry;Masculino;19:07:41;1;1200,0;Boleto
2026-05-20;495;São Paulo;Lucas Silva;Smartphone;Linda Mancuso;Feminino;19:33:42;1;1500,0;Cartão de Crédito
2026-05-20;500;São Paulo;Aline Maria;Smartphone;Brian Seith;Feminino;06:26:42;4;6000,0;Dinheiro
2026-05-20;1043;Salvador;Thiago Pereira;Notebook;Jeanne Tyree;Feminino;10:56:45;1;3500,0;Pix
2026-05-21;387;Salvador;Juliana Santos;Smartphone;Edna Burgess;Feminino;11:48:41;3;4500,0;Boleto
2026-05-21;912;Porto Alegre;Mariana Lima;Fone de Ouvido;Robert Southerland;Feminino;23:23:44;1;250,0;Cartão de Crédito
2026-05-21;1165;São Paulo;Aline Maria;Smartphone;Roger Mata;Masculino;02:20:46;5;7500,0;Pix
2026-05-21;1174;Belo Horizonte;Fernando Alves;Smartwatch;Melissa Crager;Masculino;03:03:47;4;3200,0;Dinheiro
2026-05-22;557;Belo Horizonte;Fernando Alves;Fone de Ouvido;Edwin Sheats;Masculino;23:11:42;1;250,0;Dinheiro
2026-05-22;660;Porto Alegre;Rafael Oliveira;Fone de Ouvido;Carlton Bass;Feminino;18:54:43;2;500,0;Dinheiro
2026-05-22;762;Belo Horizonte;Ana Paula;Notebook;Benito Aracena;Feminino;12:05:44;3;10500,0;Cartão de Crédito
2026-05-22;1059;São Paulo;Aline Maria;Smartwatch;Virginia Platt;Masculino;14:47:45;4;3200,0;Cartão de Crédito
2026-05-22;1718;Porto Alegre;Mariana Lima;Fone de Ouvido;David Dickerson;Masculino;20:08:50;4;1000,0;Dinheiro
2026-05-22;1735;Rio de Janeiro;Carla Souza;Smartwatch;Jason Taylor;Masculino;22:32:50;4;3200,0;Dinheiro
2026-05-22;1771;São Paulo;Aline Maria;Fone de Ouvido;Leigh Smith;Feminino;07:58:51;1;250,0;Boleto
2026-05-23;203;São Paulo;Lucas Silva;Smartwatch;Theresa Waiters;Masculino;02:08:40;4;3200,0;Cartão de Crédito
2026-05-23;277;Salvador;Thiago Pereira;Tablet;Donald Neumeister;Masculino;17:01:40;3;3600,0;Dinheiro
2026-05-23;546;Salvador;Thiago Pereira;Tablet;William Jones;Masculino;19:13:42;4;4800,0;Boleto
2026-05-23;575;Rio de Janeiro;Bruno Costa;Fone de Ouvido;Mabel Davis;Feminino;14:17:42;2;500,0;Cartão de Crédito
2026-05-23;681;Porto Alegre;Mariana Lima;Tablet;John Keller;Masculino;23:32:43;1;1200,0;Boleto
2026-05-23;1397;Porto Alegre;Rafael Oliveira;Smartwatch;Bernita Bellefeuille;Feminino;14:16:48;3;2400,0;Boleto
2026-05-23;1403;Rio de Janeiro;Bruno Costa;Tablet;Erin Amos;Masculino;02:40:48;2;2400,0;Cartão de Crédito
2026-05-23;1423;Rio de Janeiro;Carla Souza;Tablet;Jack Bova;Masculino;10:32:48;3;3600,0;Pix
2026-05-23;1434;Salvador;Thiago Pereira;Smartphone;Cynthia Huff;Feminino;06:44:48;4;6000,0;Cartão de Crédito
2026-05-24;276;São Paulo;Aline Maria;Fone de Ouvido;Pamela King;Feminino;15:41:40;3;750,0;Pix
2026-05-24;1446;Porto Alegre;Mariana Lima;Smartphone;Lois Vanhorn;Feminino;18:22:49;2;3000,0;Boleto
2026-05-25;1360;Belo Horizonte;Ana Paula;Tablet;Claudette Meyer;Feminino;18:32:48;2;2400,0;Dinheiro
2026-05-25;1842;São Paulo;Aline Maria;Smartphone;Thomas Clevenger;Masculino;14:57:51;2;3000,0;Dinheiro
2026-05-25;1859;Belo Horizonte;Fernando Alves;Smartwatch;Stephen Ragsdale;Masculino;16:27:51;5;4000,0;Pix
2026-05-26;202;Salvador;Thiago Pereira;Smartphone;Ira Maze;Masculino;22:49:40;1;1500,0;Cartão de Crédito
2026-05-26;271;Belo Horizonte;Ana Paula;Fone de Ouvido;Samuel Williams;Masculino;22:37:40;3;750,0;Dinheiro
2026-05-26;786;Salvador;Juliana Santos;Tablet;Mari Bundick;Feminino;13:00:44;4;4800,0;Dinheiro
2026-05-26;898;Belo Horizonte;Fernando Alves;Smartwatch;Patricia Steffensmeier;Masculino;19:02:44;5;4000,0;Boleto
2026-05-26;1021;Porto Alegre;Mariana Lima;Tablet;Harriet Powell;Feminino;09:23:45;4;4800,0;Boleto
2026-05-27;308;Porto Alegre;Mariana Lima;Smartphone;Dawn Hatch;Masculino;07:40:41;2;3000,0;Cartão de Crédito
2026-05-27;353;Porto Alegre;Mariana Lima;Notebook;Joan Woody;Feminino;12:24:41;2;7000,0;Cartão de Crédito
2026-05-27;437;Rio de Janeiro;Carla Souza;Tablet;Robert Schoen;Feminino;18:17:41;4;4800,0;Dinheiro
2026-05-27;703;São Paulo;Lucas Silva;Fone de Ouvido;Michael Diaz;Masculino;05:56:43;4;1000,0;Boleto
2026-05-27;779;Porto Alegre;Mariana Lima;Smartwatch;Luz Barrington;Feminino;07:47:44;2;1600,0;Pix
2026-05-27;940;Porto Alegre;Rafael Oliveira;Smartwatch;Yelena Hirsch;Feminino;05:59:45;1;800,0;Pix
2026-05-27;1027;Salvador;Juliana Santos;Smartphone;David Anderson;Masculino;11:38:45;3;4500,0;Boleto
2026-05-27;1672;Rio de Janeiro;Carla Souza;Fone de Ouvido;Doris Gilliam;Feminino;16:15:50;4;1000,0;Dinheiro
2026-05-27;1934;Belo Horizonte;Fernando Alves;Smartphone;Phyllis Sumter;Masculino;07:43:51;4;6000,0;Boleto
2026-05-29;45;Porto Alegre;Mariana Lima;Tablet;Doris Tabisula;Feminino;02:42:39;3;3600,0;Cartão de Crédito
2026-05-29;607;Porto Alegre;Rafael Oliveira;Smartwatch;Ruby Pratt;Masculino;04:47:43;4;3200,0;Pix
2026-05-29;666;São Paulo;Aline Maria;Notebook;Victor Cheney;Feminino;16:32:43;3;10500,0;Boleto
2026-05-29;1578;São Paulo;Lucas Silva;Smartphone;Brian Dehart;Feminino;14:58:49;2;3000,0;Pix
2026-05-29;1655;Rio de Janeiro;Bruno Costa;Smartphone;James Harris;Masculino;13:36:50;3;4500,0;Pix
2026-05-29;1845;Salvador;Thiago Pereira;Smartphone;Cathy Williams;Feminino;11:36:51;5;7500,0;Cartão de Crédito
2026-05-30;720;Porto Alegre;Mariana Lima;Smartphone;Michael Agnew;Feminino;23:19:43;3;4500,0;Boleto
2026-05-30;757;Belo Horizonte;Ana Paula;Fone de Ouvido;Grace Reid;Masculino;14:55:44;2;500,0;Dinheiro
2026-05-30;1688;Porto Alegre;Rafael Oliveira;Fone de Ouvido;Earl Schulle;Masculino;23:39:50;4;1000,0;Boleto
2026-05-30;1996;Rio de Janeiro;Bruno Costa;Notebook;Tad Prioletti;Feminino;05:34:52;2;7000,0;Boleto
2026-05-31;251;Salvador;Juliana Santos;Notebook;Sheryl Alday;Feminino;12:24:40;3;10500,0;Dinheiro
2026-05-31;540;São Paulo;Lucas Silva;Smartwatch;Nadine Shelton;Masculino;17:22:42;5;4000,0;Cartão de Crédito
2026-05-31;710;São Paulo;Lucas Silva;Smartphone;Esther Holton;Feminino;08:25:43;3;4500,0;Boleto
2026-05-31;1310;São Paulo;Aline Maria;Smartphone;Amelia Girard;Masculino;21:56:48;1;1500,0;Dinheiro
2026-05-31;1384;Belo Horizonte;Fernando Alves;Notebook;Carl Randall;Masculino;10:14:48;4;14000,0;Boleto
2026-05-31;1620;Salvador;Thiago Pereira;Smartwatch;Thomas Chapman;Masculino;04:54:50;2;1600,0;Pix
2026-05-31;1760;Salvador;Thiago Pereira;Tablet;Richard Moorman;Masculino;10:34:50;2;2400,0;Cartão de Crédito
2026-06-01;471;Belo Horizonte;Fernando Alves;Smartwatch;Richard Norton;Feminino;09:13:42;4;3200,0;Pix
2026-06-01;684;Porto Alegre;Mariana Lima;Tablet;Christine Shaffer;Feminino;08:53:43;5;6000,0;Pix
2026-06-01;1074;São Paulo;Lucas Silva;Smartphone;Roger Frisina;Masculino;13:50:46;1;1500,0;Cartão de Crédito
2026-06-01;1119;Belo Horizonte;Ana Paula;Tablet;Bernice Rubie;Masculino;00:58:46;1;1200,0;Boleto
2026-06-01;1300;São Paulo;Lucas Silva;Smartphone;Edwin Johnson;Feminino;15:39:48;5;7500,0;Pix
2026-06-01;1698;Rio de Janeiro;Carla Souza;Fone de Ouvido;Helen Ramsey;Masculino;19:18:50;5;1250,0;Pix
2026-06-01;1881;São Paulo;Aline Maria;Fone de Ouvido;Lesha Maloy;Feminino;12:33:51;4;1000,0;Pix
2026-06-02;176;Porto Alegre;Mariana Lima;Fone de Ouvido;Robbie Kozyra;Masculino;06:00:40;3;750,0;Pix
2026-06-02;637;Salvador;Juliana Santos;Smartphone;Robert Hofer;Feminino;13:47:43;4;6000,0;Cartão de Crédito
2026-06-02;830;Salvador;Juliana Santos;Fone de Ouvido;Mary Estrada;Feminino;08:28:44;1;250,0;Dinheiro
2026-06-02;836;Porto Alegre;Rafael Oliveira;Tablet;Rebecca White;Masculino;19:18:44;5;6000,0;Cartão de Crédito
2026-06-02;1079;São Paulo;Aline Maria;Smartphone;Betty Sookram;Masculino;00:58:46;5;7500,0;Cartão de Crédito
2026-06-02;1150;São Paulo;Aline Maria;Smartphone;Christopher Perez;Feminino;22:31:46;5;7500,0;Cartão de Crédito
2026-06-02;1466;Rio de Janeiro;Carla Souza;Fone de Ouvido;Craig Early;Masculino;06:11:49;1;250,0;Dinheiro
2026-06-02;1695;São Paulo;Lucas Silva;Notebook;Jonathan Reyes;Feminino;15:31:50;3;10500,0;Pix
2026-06-03;53;Rio de Janeiro;Carla Souza;Tablet;Frances Pershall;Feminino;15:30:39;5;6000,0;Pix
2026-06-03;1120;São Paulo;Aline Maria;Fone de Ouvido;Lucille Culver;Feminino;14:31:46;5;1250,0;Dinheiro
2026-06-03;1614;Rio de Janeiro;Bruno Costa;Notebook;Maureen Gomez;Masculino;04:17:50;3;10500,0;Cartão de Crédito
2026-06-03;1681;Belo Horizonte;Fernando Alves;Smartwatch;Gayla Davis;Masculino;20:22:50;2;1600,0;Dinheiro
2026-06-03;1742;Salvador;Thiago Pereira;Tablet;James Ackles;Masculino;20:28:50;3;3600,0;Pix
2026-06-03;1827;Rio de Janeiro;Carla Souza;Fone de Ouvido;Maryann Perrin;Masculino;07:45:51;5;1250,0;Dinheiro
2026-06-04;120;São Paulo;Aline Maria;Tablet;Jason Evans;Masculino;14:03:39;5;6000,0;Dinheiro
2026-06-04;204;Belo Horizonte;Fernando Alves;Tablet;Doris Jones;Masculino;17:11:40;3;3600,0;Cartão de Crédito
2026-06-04;322;Porto Alegre;Mariana Lima;Smartphone;Patrick Koewler;Feminino;03:35:41;5;7500,0;Dinheiro
2026-06-04;1077;São Paulo;Aline Maria;Smartphone;Betty Dicarlo;Masculino;09:11:46;3;4500,0;Boleto
2026-06-04;1216;Salvador;Thiago Pereira;Tablet;Martha Hight;Feminino;14:21:47;2;2400,0;Dinheiro
2026-06-04;1639;Belo Horizonte;Fernando Alves;Fone de Ouvido;Katie Conway;Feminino;02:46:50;2;500,0;Pix
2026-06-05;209;Salvador;Thiago Pereira;Notebook;Chris Adkins;Feminino;02:06:40;4;14000,0;Pix
2026-06-05;745;Salvador;Thiago Pereira;Smartphone;Mary Wilson;Feminino;19:56:43;5;7500,0;Pix
2026-06-05;768;Porto Alegre;Rafael Oliveira;Smartphone;Raymond Zimmerman;Feminino;00:34:44;2;3000,0;Cartão de Crédito
2026-06-05;1230;São Paulo;Aline Maria;Notebook;Deadra Myers;Masculino;22:09:47;2;7000,0;Boleto
2026-06-05;1641;Salvador;Juliana Santos;Smartwatch;Marc Reagan;Masculino;11:05:50;3;2400,0;Dinheiro
2026-06-05;1909;São Paulo;Aline Maria;Smartwatch;Stephanie Hahn;Masculino;20:52:51;4;3200,0;Dinheiro
2026-06-06;85;Belo Horizonte;Ana Paula;Notebook;Brian Williams;Masculino;22:43:39;3;10500,0;Dinheiro
2026-06-06;676;Salvador;Juliana Santos;Tablet;Vincent Rother;Masculino;19:42:43;2;2400,0;Cartão de Crédito
2026-06-06;806;Belo Horizonte;Ana Paula;Tablet;Melissa Zinke;Feminino;05:51:44;3;3600,0;Boleto
2026-06-06;1711;São Paulo;Lucas Silva;Smartphone;Cheryl Cates;Masculino;07:06:50;1;1500,0;Dinheiro
2026-06-06;2000;Rio de Janeiro;Carla Souza;Smartphone;Reynalda Navarro;Feminino;21:05:52;4;6000,0;Cartão de Crédito
2026-06-07;571;Salvador;Juliana Santos;Fone de Ouvido;Michael Bloom;Feminino;07:45:42;3;750,0;Boleto
2026-06-07;807;Belo Horizonte;Ana Paula;Smartwatch;Richard Dunnagan;Masculino;14:48:44;5;4000,0;Boleto
2026-06-07;1528;Porto Alegre;Mariana Lima;Notebook;John Heggie;Masculino;06:20:49;5;17500,0;Dinheiro
2026-06-07;1582;Belo Horizonte;Ana Paula;Smartwatch;Steve Brainard;Masculino;15:18:49;3;2400,0;Boleto
2026-06-07;1587;Belo Horizonte;Fernando Alves;Smartwatch;Veronica Francis;Masculino;21:48:49;1;800,0;Dinheiro
2026-06-07;1654;Rio de Janeiro;Carla Souza;Fone de Ouvido;Tisha Chase;Feminino;23:12:50;1;250,0;Boleto
2026-06-08;46;Porto Alegre;Mariana Lima;Tablet;Cynthia Morrison;Masculino;13:33:39;4;4800,0;Pix
2026-06-08;370;Belo Horizonte;Fernando Alves;Notebook;Maria Newman;Feminino;03:29:41;3;10500,0;Cartão de Crédito
2026-06-08;384;Porto Alegre;Mariana Lima;Smartphone;Lashonda Johnson;Feminino;12:43:41;5;7500,0;Boleto
2026-06-08;651;São Paulo;Lucas Silva;Smartwatch;Sara Luciano;Masculino;07:07:43;5;4000,0;Boleto
2026-06-08;805;São Paulo;Aline Maria;Smartphone;Mary Dowd;Feminino;06:27:44;2;3000,0;Boleto
2026-06-08;1025;Rio de Janeiro;Carla Souza;Notebook;Charles Bowman;Feminino;23:17:45;1;3500,0;Dinheiro
2026-06-08;1090;Belo Horizonte;Ana Paula;Tablet;Kim Garcia;Feminino;01:31:46;1;1200,0;Boleto
2026-06-08;1510;Salvador;Thiago Pereira;Smartwatch;Elwood Ward;Feminino;00:28:49;4;3200,0;Pix
2026-06-08;1826;Salvador;Juliana Santos;Fone de Ouvido;Daniel Schulweis;Masculino;05:44:51;2;500,0;Cartão de Crédito
2026-06-08;1924;São Paulo;Lucas Silva;Notebook;Lamont Williams;Masculino;04:39:51;4;14000,0;Dinheiro
2026-06-09;152;Rio de Janeiro;Carla Souza;Fone de Ouvido;Donald Ashley;Masculino;02:50:40;5;1250,0;Dinheiro
2026-06-09;1413;Porto Alegre;Mariana Lima;Fone de Ouvido;Arthur Hart;Feminino;10:10:48;1;250,0;Boleto
2026-06-10;371;Belo Horizonte;Ana Paula;Notebook;Willie Patino;Feminino;01:03:41;1;3500,0;Boleto
2026-06-10;529;Salvador;Juliana Santos;Smartphone;Wendy Davis;Feminino;06:24:42;3;4500,0;Cartão de Crédito
2026-06-10;626;Belo Horizonte;Fernando Alves;Tablet;Karen Esskew;Masculino;20:35:43;3;3600,0;Pix
2026-06-10;1011;Belo Horizonte;Fernando Alves;Tablet;Sara Files;Masculino;16:45:45;1;1200,0;Boleto
2026-06-10;1039;São Paulo;Lucas Silva;Tablet;Kenneth Farver;Masculino;05:31:45;5;6000,0;Dinheiro
2026-06-10;1359;Belo Horizonte;Ana Paula;Notebook;Kevin Griggs;Feminino;11:43:48;5;17500,0;Pix
2026-06-11;315;Rio de Janeiro;Bruno Costa;Smartphone;Russell Noriega;Feminino;07:23:41;1;1500,0;Cartão de Crédito
2026-06-11;390;Salvador;Thiago Pereira;Tablet;Jeannette Ford;Feminino;06:59:41;3;3600,0;Cartão de Crédito
2026-06-11;996;Salvador;Juliana Santos;Fone de Ouvido;Harry Carlson;Masculino;02:49:45;4;1000,0;Cartão de Crédito
2026-06-11;1333;Porto Alegre;Rafael Oliveira;Tablet;Jennifer Prado;Feminino;04:26:48;2;2400,0;Dinheiro
2026-06-11;1678;Salvador;Thiago Pereira;Fone de Ouvido;Tony Dam;Masculino;10:10:50;1;250,0;Boleto
2026-06-11;1690;Salvador;Thiago Pereira;Smartwatch;Rex Stern;Masculino;22:08:50;5;4000,0;Cartão de Crédito
2026-06-11;1777;Porto Alegre;Mariana Lima;Smartphone;Deborah Dilley;Feminino;20:23:51;2;3000,0;Dinheiro
2026-06-12;328;Salvador;Juliana Santos;Notebook;Judy Franco;Masculino;15:53:41;3;10500,0;Dinheiro
2026-06-12;374;Porto Alegre;Mariana Lima;Tablet;Keith Thomes;Masculino;01:50:41;2;2400,0;Boleto
2026-06-12;434;Rio de Janeiro;Bruno Costa;Fone de Ouvido;Carolyn Zana;Feminino;12:08:41;2;500,0;Cartão de Crédito
2026-06-12;524;Salvador;Thiago Pereira;Fone de Ouvido;Sau Back;Masculino;16:37:42;4;1000,0;Dinheiro
2026-06-13;63;Salvador;Juliana Santos;Smartphone;Rose Mckenzie;Feminino;11:16:39;4;6000,0;Dinheiro
2026-06-13;181;Rio de Janeiro;Bruno Costa;Notebook;Pamela Yount;Feminino;08:16:40;4;14000,0;Cartão de Crédito
2026-06-13;232;São Paulo;Lucas Silva;Notebook;Beverly Carlson;Masculino;16:07:40;2;7000,0;Dinheiro
2026-06-13;263;Belo Horizonte;Ana Paula;Smartphone;Nathan Lund;Masculino;04:54:40;1;1500,0;Pix
2026-06-13;1066;Salvador;Juliana Santos;Fone de Ouvido;Christopher Coker;Feminino;05:28:45;1;250,0;Dinheiro
2026-06-13;1246;Belo Horizonte;Ana Paula;Fone de Ouvido;Philip Kim;Feminino;16:29:47;3;750,0;Dinheiro
2026-06-13;1375;São Paulo;Lucas Silva;Fone de Ouvido;Leslie Kelly;Feminino;01:38:48;2;500,0;Dinheiro
2026-06-13;1441;São Paulo;Lucas Silva;Tablet;Donald Fletcher;Feminino;05:52:49;5;6000,0;Boleto
2026-06-13;1860;Belo Horizonte;Fernando Alves;Smartwatch;Ruben Decesare;Masculino;15:29:51;5;4000,0;Dinheiro
2026-06-14;815;Belo Horizonte;Fernando Alves;Fone de Ouvido;Lawrence Demirchyan;Masculino;05:05:44;5;1250,0;Boleto
2026-06-14;1275;Rio de Janeiro;Bruno Costa;Fone de Ouvido;Tracy Paradis;Feminino;19:11:48;1;250,0;Boleto
2026-06-14;1369;Salvador;Juliana Santos;Smartwatch;Eric Kail;Feminino;02:29:48;4;3200,0;Dinheiro
2026-06-14;1395;Rio de Janeiro;Bruno Costa;Tablet;Roman Warner;Feminino;18:13:48;4;4800,0;Cartão de Crédito
2026-06-14;1611;Rio de Janeiro;Carla Souza;Tablet;Richard Bradshaw;Masculino;01:29:50;4;4800,0;Boleto
2026-06-14;1686;São Paulo;Lucas Silva;Notebook;Tina Nesmith;Masculino;19:51:50;3;10500,0;Pix
2026-06-15;101;Belo Horizonte;Ana Paula;Smartwatch;Arthur Williams;Feminino;17:12:39;3;2400,0;Boleto
2026-06-15;255;Porto Alegre;Mariana Lima;Smartphone;Eleanor Johnson;Masculino;08:56:40;4;6000,0;Cartão de Crédito
2026-06-15;1002;São Paulo;Aline Maria;Smartphone;Joseph Hicks;Feminino;21:37:45;1;1500,0;Pix
2026-06-15;1775;São Paulo;Aline Maria;Fone de Ouvido;Philip Pence;Masculino;06:48:51;3;750,0;Boleto
2026-06-16;67;São Paulo;Lucas Silva;Fone de Ouvido;Suzanne Robb;Feminino;06:43:39;2;500,0;Pix
2026-06-16;323;Rio de Janeiro;Carla Souza;Smartphone;James Braam;Masculino;03:09:41;4;6000,0;Dinheiro
2026-06-16;678;Salvador;Thiago Pereira;Tablet;Linda Stewart;Feminino;19:36:43;4;4800,0;Pix
2026-06-16;708;Salvador;Thiago Pereira;Tablet;Joseph Buterbaugh;Masculino;00:14:43;1;1200,0;Cartão de Crédito
2026-06-16;1238;Belo Horizonte;Fernando Alves;Fone de Ouvido;Betty Jones;Masculino;09:48:47;3;750,0;Pix
2026-06-16;1783;Salvador;Thiago Pereira;Notebook;Patricia Hwang;Masculino;06:41:51;4;14000,0;Boleto
2026-06-17;365;Salvador;Juliana Santos;Fone de Ouvido;Craig Hawkins;Masculino;04:46:41;4;1000,0;Dinheiro
2026-06-17;1188;Porto Alegre;Mariana Lima;Smartwatch;Diego Jones;Feminino;12:31:47;5;4000,0;Boleto
2026-06-17;1506;Salvador;Juliana Santos;Smartphone;Gregory Bray;Masculino;04:02:49;4;6000,0;Pix
2026-06-18;344;Salvador;Juliana Santos;Notebook;Jeanne Bolduc;Feminino;20:20:41;5;17500,0;Pix
2026-06-18;517;Belo Horizonte;Ana Paula;Notebook;Felecia Dunaway;Masculino;02:57:42;3;10500,0;Pix
2026-06-18;576;Salvador;Thiago Pereira;Smartphone;Kathleen Galloway;Feminino;22:12:42;5;7500,0;Cartão de Crédito
2026-06-18;581;Belo Horizonte;Fernando Alves;Smartphone;Corey Donaway;Feminino;04:15:42;1;1500,0;Dinheiro
2026-06-18;954;Porto Alegre;Mariana Lima;Tablet;Dale Redman;Feminino;07:54:45;4;4800,0;Boleto
2026-06-18;1183;Belo Horizonte;Fernando Alves;Notebook;Joe Beltran;Feminino;10:18:47;2;7000,0;Pix
2026-06-18;1420;Porto Alegre;Rafael Oliveira;Smartwatch;Ignacio Treat;Feminino;03:26:48;2;1600,0;Dinheiro
2026-06-18;1870;São Paulo;Lucas Silva;Fone de Ouvido;Esther Jeanpierre;Feminino;06:41:51;2;500,0;Dinheiro
2026-06-19;58;Salvador;Thiago Pereira;Tablet;Reynaldo Herauf;Masculino;21:43:39;3;3600,0;Pix
2026-06-19;198;São Paulo;Lucas Silva;Smartwatch;Jacquelyn Sagredo;Masculino;08:45:40;5;4000,0;Dinheiro
2026-06-19;256;Salvador;Juliana Santos;Smartwatch;Lisa Odell;Masculino;23:04:40;2;1600,0;Dinheiro
2026-06-19;737;Salvador;Juliana Santos;Smartphone;Clifford Beliveau;Masculino;08:29:43;3;4500,0;Pix
2026-06-19;851;Belo Horizonte;Ana Paula;Smartphone;Myrtle Jordan;Masculino;08:37:44;4;6000,0;Dinheiro
2026-06-19;880;Porto Alegre;Rafael Oliveira;Smartwatch;Maria Bond;Masculino;13:17:44;3;2400,0;Pix
2026-06-19;1583;Rio de Janeiro;Bruno Costa;Smartphone;Albert Sweezer;Masculino;16:44:49;2;3000,0;Dinheiro
2026-06-19;1622;Rio de Janeiro;Carla Souza;Smartwatch;Ralph Hernandez;Masculino;14:30:50;5;4000,0;Pix
2026-06-19;1747;São Paulo;Aline Maria;Tablet;Eloise Mclaughlin;Masculino;13:18:50;5;6000,0;Pix
2026-06-20;405;São Paulo;Lucas Silva;Smartwatch;Elizabeth Haven;Masculino;06:34:41;2;1600,0;Dinheiro
2026-06-20;818;Salvador;Juliana Santos;Smartphone;Robert Benson;Feminino;20:19:44;4;6000,0;Pix
2026-06-20;1421;Belo Horizonte;Ana Paula;Notebook;Charles Plummer;Feminino;17:29:48;3;10500,0;Pix
2026-06-21;360;Salvador;Thiago Pereira;Notebook;Carol Mitchell;Feminino;13:39:41;2;7000,0;Dinheiro
2026-06-21;456;São Paulo;Lucas Silva;Notebook;John Collins;Masculino;17:24:41;2;7000,0;Boleto
2026-06-21;672;Belo Horizonte;Fernando Alves;Notebook;Kenneth Hicks;Feminino;19:31:43;4;14000,0;Dinheiro
2026-06-21;1280;Salvador;Juliana Santos;Smartwatch;Betty Graham;Feminino;12:29:48;3;2400,0;Cartão de Crédito
2026-06-21;1440;Porto Alegre;Mariana Lima;Tablet;Deanna Buffington;Feminino;17:42:48;4;4800,0;Boleto
2026-06-21;1531;Rio de Janeiro;Bruno Costa;Fone de Ouvido;Ruth Bennett;Feminino;15:12:49;1;250,0;Boleto
2026-06-21;1613;Porto Alegre;Mariana Lima;Tablet;Robert Rieger;Feminino;09:29:50;4;4800,0;Pix
2026-06-21;1813;Belo Horizonte;Fernando Alves;Notebook;Vanessa Crandell;Feminino;18:32:51;1;3500,0;Boleto
2026-06-22;574;São Paulo;Lucas Silva;Notebook;Mary Mata;Masculino;16:38:42;3;10500,0;Pix
2026-06-22;649;Rio de Janeiro;Carla Souza;Tablet;Jessica Fleming;Masculino;03:49:43;3;3600,0;Boleto
2026-06-22;1237;São Paulo;Lucas Silva;Notebook;Timothy Wissmann;Masculino;06:57:47;3;10500,0;Boleto
2026-06-22;1297;Rio de Janeiro;Bruno Costa;Notebook;Steven Hines;Masculino;05:48:48;3;10500,0;Boleto
2026-06-22;1438;São Paulo;Lucas Silva;Fone de Ouvido;Joseph Brown;Feminino;11:03:48;1;250,0;Dinheiro
2026-06-23;452;Belo Horizonte;Ana Paula;Fone de Ouvido;Tommy Rodriques;Feminino;03:53:41;2;500,0;Boleto
2026-06-23;1000;Belo Horizonte;Fernando Alves;Tablet;Mary Adkins;Feminino;23:34:45;1;1200,0;Cartão de Crédito
2026-06-23;1176;São Paulo;Aline Maria;Smartphone;Ida Mansfield;Feminino;00:29:47;1;1500,0;Pix
2026-06-23;1265;São Paulo;Aline Maria;Smartphone;Kendrick Stargell;Feminino;03:12:47;3;4500,0;Boleto
2026-06-23;1545;Salvador;Thiago Pereira;Notebook;Jordan Du;Masculino;12:16:49;1;3500,0;Pix
2026-06-23;1607;Salvador;Thiago Pereira;Tablet;Kevin Diaz;Feminino;20:01:50;1;1200,0;Cartão de Crédito
2026-06-24;38;São Paulo;Aline Maria;Tablet;Jesse King;Masculino;04:13:39;1;1200,0;Dinheiro
2026-06-24;141;Porto Alegre;Mariana Lima;Smartphone;Sandy Velasco;Masculino;08:38:40;1;1500,0;Boleto
2026-06-24;552;Porto Alegre;Mariana Lima;Smartwatch;Michael Musial;Masculino;08:45:42;5;4000,0;Cartão de Crédito
2026-06-24;609;Rio de Janeiro;Bruno Costa;Fone de Ouvido;Victor Phillips;Feminino;12:54:43;1;250,0;Cartão de Crédito
2026-06-24;723;Salvador;Thiago Pereira;Notebook;Donna Threlkeld;Masculino;14:44:43;3;10500,0;Dinheiro
2026-06-24;754;Rio de Janeiro;Bruno Costa;Fone de Ouvido;William Colbert;Masculino;18:43:44;2;500,0;Boleto
2026-06-24;866;Rio de Janeiro;Carla Souza;Fone de Ouvido;Raul Han;Masculino;05:59:44;2;500,0;Dinheiro
2026-06-24;956;Belo Horizonte;Ana Paula;Notebook;Thomas Dougher;Masculino;08:49:45;2;7000,0;Dinheiro
2026-06-24;1405;Porto Alegre;Mariana Lima;Smartphone;Thomas Heiman;Feminino;18:38:48;3;4500,0;Boleto
2026-06-24;1946;Rio de Janeiro;Carla Souza;Notebook;Charles Bartlett;Masculino;07:34:51;4;14000,0;Pix
2026-06-24;1951;Porto Alegre;Rafael Oliveira;Tablet;Ronald Williams;Feminino;10:10:51;4;4800,0;Dinheiro
2026-06-25;294;Salvador;Juliana Santos;Smartwatch;Amber Snider;Masculino;08:57:41;3;2400,0;Boleto
2026-06-25;313;Belo Horizonte;Fernando Alves;Notebook;Natasha Levine;Masculino;11:29:41;1;3500,0;Boleto
2026-06-25;887;São Paulo;Lucas Silva;Fone de Ouvido;Lawrence Lewis;Feminino;05:38:44;1;250,0;Boleto
2026-06-25;1110;Porto Alegre;Mariana Lima;Fone de Ouvido;John Rival;Masculino;00:24:46;2;500,0;Cartão de Crédito
2026-06-25;1713;Belo Horizonte;Ana Paula;Smartwatch;Gabriel Lant;Masculino;14:17:50;2;1600,0;Cartão de Crédito
2026-06-25;1797;Porto Alegre;Mariana Lima;Fone de Ouvido;Carolyn Ryan;Masculino;07:41:51;4;1000,0;Pix
2026-06-26;51;São Paulo;Lucas Silva;Notebook;Andrea Bradley;Masculino;12:59:39;3;10500,0;Cartão de Crédito
2026-06-26;99;Belo Horizonte;Fernando Alves;Smartphone;Rodney Richey;Feminino;01:45:39;5;7500,0;Cartão de Crédito
2026-06-26;319;São Paulo;Lucas Silva;Notebook;Addie Maloney;Masculino;21:38:41;4;14000,0;Boleto
2026-06-26;1028;Rio de Janeiro;Carla Souza;Smartphone;Delores Stimpson;Masculino;23:47:45;3;4500,0;Boleto
2026-06-26;1053;Porto Alegre;Rafael Oliveira;Fone de Ouvido;Joanne Zellars;Feminino;21:15:45;3;750,0;Pix
2026-06-26;1160;Salvador;Thiago Pereira;Smartwatch;Monty Carter;Feminino;03:04:46;5;4000,0;Pix
2026-06-26;1213;Rio de Janeiro;Bruno Costa;Fone de Ouvido;Benjamin Spearman;Feminino;14:32:47;4;1000,0;Dinheiro
2026-06-27;231;Belo Horizonte;Fernando Alves;Notebook;Thomas Svendsen;Masculino;01:07:40;2;7000,0;Cartão de Crédito
2026-06-27;433;São Paulo;Aline Maria;Smartwatch;Robert Moye;Feminino;09:31:41;1;800,0;Boleto
2026-06-27;727;Belo Horizonte;Ana Paula;Fone de Ouvido;Toney Taylor;Feminino;09:43:43;5;1250,0;Pix
2026-06-27;1729;Salvador;Juliana Santos;Smartwatch;Louise Hermanson;Masculino;04:18:50;5;4000,0;Pix
2026-06-27;1948;Rio de Janeiro;Carla Souza;Notebook;Nova Davis;Masculino;04:12:51;3;10500,0;Dinheiro
2026-06-28;128;Belo Horizonte;Fernando Alves;Smartphone;Maria Timmons;Feminino;21:47:40;2;3000,0;Boleto
2026-06-28;134;Salvador;Juliana Santos;Fone de Ouvido;David Carlton;Feminino;10:39:40;2;500,0;Pix
2026-06-28;864;Porto Alegre;Mariana Lima;Fone de Ouvido;Brian Tyler;Masculino;22:43:44;4;1000,0;Dinheiro
2026-06-28;1111;Salvador;Juliana Santos;Notebook;Robert Oliver;Feminino;07:30:46;4;14000,0;Cartão de Crédito
2026-06-28;1228;São Paulo;Aline Maria;Notebook;Fernando Childs;Feminino;06:11:47;3;10500,0;Boleto
2026-06-28;1437;Salvador;Juliana Santos;Smartwatch;Anthony Kubinski;Feminino;06:37:48;3;2400,0;Cartão de Crédito
2026-06-29;324;Belo Horizonte;Fernando Alves;Smartwatch;Mary Clasen;Masculino;01:55:41;3;2400,0;Dinheiro
2026-06-29;404;Salvador;Thiago Pereira;Notebook;Richard Mccoy;Feminino;19:21:41;3;10500,0;Cartão de Crédito
2026-06-29;1061;Salvador;Thiago Pereira;Fone de Ouvido;Maybelle Schillinger;Masculino;08:34:45;1;250,0;Boleto
2026-06-29;1723;Rio de Janeiro;Bruno Costa;Notebook;Michael Dustin;Feminino;07:17:50;3;10500,0;Pix
2026-06-29;1879;Porto Alegre;Mariana Lima;Smartphone;Mary Bigler;Masculino;04:57:51;3;4500,0;Dinheiro
2026-06-29;1931;Porto Alegre;Mariana Lima;Tablet;Aaron Cloud;Masculino;03:33:51;2;2400,0;Boleto
2026-06-29;1941;Rio de Janeiro;Carla Souza;Smartwatch;Robert Medina;Feminino;18:56:51;1;800,0;Cartão de Crédito
2026-06-30;89;São Paulo;Aline Maria;Notebook;Shawn Ketcham;Feminino;18:10:39;4;14000,0;Pix
2026-06-30;514;Salvador;Juliana Santos;Smartwatch;Janet Covert;Feminino;19:04:42;1;800,0;Dinheiro
2026-06-30;622;Belo Horizonte;Ana Paula;Smartwatch;Sharon Randolph;Masculino;10:30:43;2;1600,0;Dinheiro
2026-06-30;682;Rio de Janeiro;Bruno Costa;Notebook;Michael Westbrook;Masculino;01:36:43;4;14000,0;Pix
2026-07-01;42;Rio de Janeiro;Carla Souza;Tablet;Arnoldo Boone;Masculino;12:52:39;5;6000,0;Boleto
2026-07-01;303;São Paulo;Aline Maria;Fone de Ouvido;Gordon Golay;Feminino;11:45:41;4;1000,0;Cartão de Crédito
2026-07-01;325;Belo Horizonte;Fernando Alves;Smartphone;Aaron Franks;Feminino;18:02:41;5;7500,0;Dinheiro
2026-07-01;1026;Salvador;Thiago Pereira;Fone de Ouvido;Anh Hein;Masculino;11:19:45;4;1000,0;Dinheiro
2026-07-01;1714;Salvador;Juliana Santos;Fone de Ouvido;Erica Barnett;Feminino;04:35:50;3;750,0;Dinheiro
2026-07-01;1918;Porto Alegre;Mariana Lima;Smartphone;Clara Schmitt;Feminino;06:48:51;2;3000,0;Boleto
2026-07-02;1799;Salvador;Juliana Santos;Fone de Ouvido;Emma Maye;Masculino;08:12:51;3;750,0;Pix
2026-07-03;15;Salvador;Thiago Pereira;Tablet;Richard Oubre;Feminino;04:50:39;1;1200,0;Dinheiro
2026-07-03;148;São Paulo;Lucas Silva;Fone de Ouvido;Scott Herbert;Masculino;05:31:40;2;500,0;Pix
2026-07-03;498;Rio de Janeiro;Carla Souza;Smartwatch;Erin Burns;Masculino;04:31:42;1;800,0;Pix
2026-07-03;1088;Porto Alegre;Mariana Lima;Fone de Ouvido;Jacqueline Duke;Feminino;01:51:46;5;1250,0;Cartão de Crédito
2026-07-03;1426;Salvador;Thiago Pereira;Smartwatch;Christi Rollins;Masculino;12:21:48;5;4000,0;Boleto
2026-07-03;1518;Belo Horizonte;Fernando Alves;Fone de Ouvido;Florence Mcleod;Masculino;19:34:49;5;1250,0;Boleto
2026-07-03;1769;São Paulo;Lucas Silva;Tablet;Cheryl Zaring;Feminino;19:50:50;4;4800,0;Dinheiro
2026-07-03;1819;São Paulo;Lucas Silva;Fone de Ouvido;Gary Francisco;Feminino;10:16:51;4;1000,0;Dinheiro
2026-07-03;1835;Porto Alegre;Rafael Oliveira;Notebook;Elsie Wood;Feminino;01:04:51;1;3500,0;Dinheiro
2026-07-04;493;Rio de Janeiro;Carla Souza;Notebook;Stephanie Brown;Feminino;19:39:42;3;10500,0;Boleto
2026-07-04;530;São Paulo;Lucas Silva;Tablet;Pamela Brannen;Masculino;04:10:42;5;6000,0;Pix
2026-07-04;533;São Paulo;Aline Maria;Tablet;Cora Wyatt;Feminino;01:40:42;4;4800,0;Dinheiro
2026-07-04;586;Porto Alegre;Rafael Oliveira;Smartwatch;Shawn Lyman;Masculino;03:39:42;2;1600,0;Dinheiro
2026-07-04;642;São Paulo;Lucas Silva;Notebook;Gabriel Hong;Masculino;09:34:43;1;3500,0;Pix
2026-07-04;1138;São Paulo;Lucas Silva;Smartwatch;Deborah Robyn;Masculino;15:07:46;3;2400,0;Cartão de Crédito
2026-07-04;1288;Rio de Janeiro;Carla Souza;Smartphone;Deborah Quesada;Feminino;19:35:48;1;1500,0;Boleto
2026-07-05;13;Salvador;Thiago Pereira;Smartwatch;Ivy Rodman;Feminino;10:08:39;3;2400,0;Pix
2026-07-05;57;Salvador;Juliana Santos;Tablet;Leroy Linton;Feminino;11:24:39;1;1200,0;Dinheiro
2026-07-05;970;Belo Horizonte;Fernando Alves;Notebook;Scott Morelli;Masculino;14:15:45;1;3500,0;Boleto
2026-07-06;244;Porto Alegre;Rafael Oliveira;Smartphone;Lauralee Shepherd;Feminino;16:05:40;4;6000,0;Boleto
2026-07-06;753;São Paulo;Aline Maria;Fone de Ouvido;Andrew Saucier;Masculino;10:13:44;4;1000,0;Boleto
2026-07-06;952;Porto Alegre;Mariana Lima;Tablet;Eden Bond;Feminino;07:59:45;1;1200,0;Cartão de Crédito
2026-07-06;1325;Porto Alegre;Rafael Oliveira;Fone de Ouvido;Brooke Rader;Feminino;10:42:48;2;500,0;Boleto
2026-07-06;1377;Belo Horizonte;Fernando Alves;Smartwatch;Patty Sterling;Masculino;13:13:48;3;2400,0;Dinheiro
2026-07-07;341;Porto Alegre;Mariana Lima;Smartphone;Paul Adams;Feminino;20:33:41;3;4500,0;Dinheiro
2026-07-07;562;Belo Horizonte;Fernando Alves;Smartwatch;Debra Beidleman;Feminino;06:48:42;4;3200,0;Boleto
2026-07-07;699;Porto Alegre;Mariana Lima;Fone de Ouvido;Joseph Petrin;Feminino;19:51:43;2;500,0;Dinheiro
2026-07-07;1056;São Paulo;Lucas Silva;Smartwatch;Ronald Nace;Feminino;03:55:45;1;800,0;Boleto
2026-07-07;1091;Rio de Janeiro;Bruno Costa;Notebook;Elizabeth Smith;Masculino;19:17:46;2;7000,0;Cartão de Crédito
2026-07-07;1115;Porto Alegre;Mariana Lima;Smartphone;Lewis Moreno;Masculino;10:20:46;2;3000,0;Dinheiro
2026-07-07;1576;Salvador;Thiago Pereira;Smartphone;Elizabeth Coral;Feminino;18:35:49;1;1500,0;Boleto
2026-07-08;117;Rio de Janeiro;Carla Souza;Smartphone;Carolyn Patel;Masculino;17:23:39;1;1500,0;Pix
2026-07-08;414;Belo Horizonte;Fernando Alves;Smartwatch;Katheryn Racette;Feminino;17:09:41;3;2400,0;Cartão de Crédito
2026-07-08;466;Rio de Janeiro;Carla Souza;Fone de Ouvido;Robert Hickey;Feminino;06:43:42;1;250,0;Boleto
2026-07-08;1407;Porto Alegre;Rafael Oliveira;Fone de Ouvido;Matthew Matthews;Feminino;17:19:48;3;750,0;Boleto
2026-07-08;1731;Belo Horizonte;Ana Paula;Smartphone;Mary Bowman;Masculino;05:57:50;2;3000,0;Dinheiro
2026-07-08;1863;Belo Horizonte;Fernando Alves;Tablet;Claude Rice;Masculino;22:07:51;3;3600,0;Pix
2026-07-09;764;Rio de Janeiro;Carla Souza;Tablet;Sarah White;Feminino;20:49:44;2;2400,0;Boleto
2026-07-09;978;São Paulo;Lucas Silva;Notebook;Dale Yarber;Masculino;15:09:45;2;7000,0;Boleto
2026-07-09;1201;Salvador;Thiago Pereira;Smartwatch;Latisha Bucci;Feminino;10:41:47;3;2400,0;Cartão de Crédito
2026-07-09;1255;Belo Horizonte;Ana Paula;Notebook;Jennifer Valladares;Feminino;21:32:47;3;10500,0;Boleto
2026-07-09;1728;Belo Horizonte;Fernando Alves;Fone de Ouvido;David Chambers;Feminino;02:04:50;4;1000,0;Boleto
2026-07-10;441;São Paulo;Lucas Silva;Smartphone;Stephanie Goldberg;Feminino;13:20:41;2;3000,0;Dinheiro
2026-07-10;1400;Belo Horizonte;Ana Paula;Tablet;Jose Norstrand;Masculino;16:24:48;4;4800,0;Cartão de Crédito
2026-07-10;1526;São Paulo;Lucas Silva;Tablet;Jonathan Craig;Feminino;09:35:49;1;1200,0;Cartão de Crédito
2026-07-11;16;Porto Alegre;Mariana Lima;Fone de Ouvido;Marie Drew;Masculino;00:38:39;5;1250,0;Pix
2026-07-11;469;Salvador;Thiago Pereira;Notebook;Deborah Mathis;Masculino;23:11:42;3;10500,0;Boleto
2026-07-11;661;Porto Alegre;Mariana Lima;Smartphone;Asuncion Pineda;Masculino;00:23:43;4;6000,0;Boleto
2026-07-11;1033;Salvador;Juliana Santos;Fone de Ouvido;Lisa Falconer;Feminino;03:30:45;4;1000,0;Cartão de Crédito
2026-07-11;1129;Rio de Janeiro;Carla Souza;Fone de Ouvido;Delmar Knowlton;Feminino;19:09:46;3;750,0;Boleto
2026-07-11;1277;Porto Alegre;Rafael Oliveira;Notebook;Lawrence Hopson;Masculino;11:29:48;5;17500,0;Dinheiro
2026-07-11;1804;Rio de Janeiro;Carla Souza;Smartphone;Jacqueline Bewick;Feminino;03:10:51;3;4500,0;Pix
2026-07-12;155;São Paulo;Aline Maria;Fone de Ouvido;Zachary Sutton;Masculino;16:18:40;5;1250,0;Dinheiro
2026-07-12;167;Belo Horizonte;Fernando Alves;Smartphone;Richard Elliott;Masculino;01:11:40;3;4500,0;Dinheiro
2026-07-12;318;Salvador;Thiago Pereira;Fone de Ouvido;Justin Henry;Feminino;20:28:41;3;750,0;Pix
2026-07-12;686;São Paulo;Lucas Silva;Tablet;Lois May;Masculino;16:09:43;3;3600,0;Dinheiro
2026-07-12;928;Belo Horizonte;Fernando Alves;Notebook;Ellen Rentfro;Feminino;10:13:44;2;7000,0;Boleto
2026-07-12;1186;Rio de Janeiro;Carla Souza;Fone de Ouvido;Jennifer Brown;Feminino;05:36:47;2;500,0;Dinheiro
2026-07-12;1689;Porto Alegre;Mariana Lima;Notebook;Clarence Stackhouse;Masculino;12:53:50;1;3500,0;Boleto
2026-07-13;18;Belo Horizonte;Ana Paula;Smartwatch;Allen Brown;Feminino;17:22:39;5;4000,0;Boleto
2026-07-13;652;Salvador;Thiago Pereira;Notebook;Kimberly Liberti;Feminino;10:58:43;5;17500,0;Pix
2026-07-13;853;Porto Alegre;Rafael Oliveira;Fone de Ouvido;Richard Nieves;Masculino;04:20:44;1;250,0;Pix
2026-07-13;1234;Belo Horizonte;Fernando Alves;Tablet;Sean Hasas;Masculino;21:02:47;5;6000,0;Boleto
2026-07-13;1368;Salvador;Juliana Santos;Fone de Ouvido;Linda Rogers;Masculino;11:33:48;3;750,0;Cartão de Crédito
2026-07-13;1586;São Paulo;Aline Maria;Smartwatch;Chi Alexander;Masculino;19:58:49;1;800,0;Dinheiro
2026-07-14;59;São Paulo;Lucas Silva;Tablet;Lenard Rabito;Masculino;07:55:39;2;2400,0;Pix
2026-07-14;110;Porto Alegre;Rafael Oliveira;Fone de Ouvido;Matthew Crews;Feminino;02:27:39;3;750,0;Pix
2026-07-14;489;São Paulo;Aline Maria;Smartphone;Elizabeth Best;Masculino;08:07:42;4;6000,0;Boleto
2026-07-14;1015;Belo Horizonte;Ana Paula;Tablet;Lizzie Gallagher;Masculino;23:18:45;3;3600,0;Boleto
2026-07-14;1185;Rio de Janeiro;Carla Souza;Notebook;Shelly Stelzer;Masculino;08:41:47;5;17500,0;Pix
2026-07-14;1702;Porto Alegre;Rafael Oliveira;Tablet;Linda Stephens;Masculino;08:12:50;3;3600,0;Boleto
2026-07-14;1905;Salvador;Juliana Santos;Notebook;Letha Galloway;Masculino;12:21:51;2;7000,0;Pix
2026-07-15;937;Rio de Janeiro;Bruno Costa;Smartwatch;Doris Bell;Masculino;02:26:45;1;800,0;Cartão de Crédito
2026-07-15;1497;Rio de Janeiro;Bruno Costa;Smartwatch;Bobbie Wright;Feminino;12:12:49;3;2400,0;Dinheiro
2026-07-15;1898;Belo Horizonte;Fernando Alves;Tablet;Jennifer Pennell;Feminino;06:56:51;2;2400,0;Boleto
2026-07-16;95;Rio de Janeiro;Carla Souza;Fone de Ouvido;Arthur Seppala;Masculino;00:59:39;2;500,0;Cartão de Crédito
2026-07-16;611;Belo Horizonte;Fernando Alves;Notebook;Rose Chynoweth;Feminino;10:59:43;4;14000,0;Cartão de Crédito
2026-07-16;619;Porto Alegre;Mariana Lima;Tablet;Jesse Chung;Masculino;15:06:43;4;4800,0;Boleto
2026-07-16;885;Rio de Janeiro;Carla Souza;Smartphone;Theodore Harris;Feminino;09:31:44;1;1500,0;Cartão de Crédito
2026-07-16;1145;Porto Alegre;Rafael Oliveira;Fone de Ouvido;Brent Thorne;Masculino;10:50:46;5;1250,0;Cartão de Crédito
2026-07-16;1573;Rio de Janeiro;Carla Souza;Fone de Ouvido;Krystal Tasker;Masculino;07:30:49;2;500,0;Pix
2026-07-17;357;Salvador;Juliana Santos;Tablet;Brandie Hallock;Feminino;13:57:41;1;1200,0;Cartão de Crédito
2026-07-17;585;Belo Horizonte;Fernando Alves;Smartphone;Sylvia Ulmer;Feminino;11:08:42;2;3000,0;Cartão de Crédito
2026-07-17;1452;Porto Alegre;Mariana Lima;Smartwatch;Bill Pulsifer;Masculino;09:46:49;5;4000,0;Dinheiro
2026-07-17;1815;São Paulo;Lucas Silva;Notebook;Pam Mccully;Feminino;22:52:51;3;10500,0;Dinheiro
2026-07-18;86;Salvador;Thiago Pereira;Notebook;Mildred Viviani;Masculino;14:18:39;4;14000,0;Pix
2026-07-18;547;Porto Alegre;Rafael Oliveira;Tablet;Lisa Oliver;Feminino;23:14:42;3;3600,0;Pix
2026-07-18;696;Rio de Janeiro;Bruno Costa;Smartphone;Frank Nordquist;Masculino;21:35:43;2;3000,0;Dinheiro
2026-07-18;1700;Belo Horizonte;Fernando Alves;Smartwatch;Jacqueline Krauss;Feminino;19:17:50;1;800,0;Pix
2026-07-19;44;Porto Alegre;Mariana Lima;Smartwatch;Marci Williams;Masculino;08:47:39;2;1600,0;Pix
2026-07-19;425;Belo Horizonte;Ana Paula;Notebook;Irene Cuppernell;Masculino;02:49:41;2;7000,0;Dinheiro
2026-07-19;494;Belo Horizonte;Fernando Alves;Fone de Ouvido;Lucinda Mcglone;Masculino;05:41:42;4;1000,0;Boleto
2026-07-19;659;Rio de Janeiro;Bruno Costa;Fone de Ouvido;Steven Capone;Masculino;18:39:43;5;1250,0;Cartão de Crédito
2026-07-19;732;Porto Alegre;Rafael Oliveira;Notebook;Kristen Parmenter;Feminino;16:10:43;5;17500,0;Cartão de Crédito
2026-07-19;771;Belo Horizonte;Fernando Alves;Tablet;Emily Cecere;Feminino;11:20:44;3;3600,0;Dinheiro
2026-07-19;811;Belo Horizonte;Fernando Alves;Smartwatch;Doris Jones;Feminino;17:51:44;1;800,0;Dinheiro
2026-07-19;958;Belo Horizonte;Ana Paula;Tablet;Kelly Bell;Masculino;00:48:45;1;1200,0;Dinheiro
2026-07-20;550;Belo Horizonte;Ana Paula;Smartphone;Beverly Mcnish;Feminino;13:28:42;5;7500,0;Boleto
2026-07-20;599;São Paulo;Lucas Silva;Fone de Ouvido;Dana Defosses;Masculino;16:40:42;4;1000,0;Dinheiro
2026-07-20;655;Belo Horizonte;Ana Paula;Tablet;Angel Beach;Feminino;04:53:43;3;3600,0;Dinheiro
2026-07-20;770;São Paulo;Lucas Silva;Tablet;Jeannie Escobar;Feminino;07:54:44;5;6000,0;Boleto
2026-07-20;1460;Salvador;Thiago Pereira;Notebook;Danette Newson;Masculino;03:27:49;2;7000,0;Cartão de Crédito
2026-07-20;1897;Porto Alegre;Mariana Lima;Smartwatch;Renee Worden;Feminino;13:43:51;4;3200,0;Boleto
2026-07-21;19;Salvador;Thiago Pereira;Smartwatch;Socorro Kimble;Feminino;08:55:39;2;1600,0;Cartão de Crédito
2026-07-21;698;Belo Horizonte;Ana Paula;Smartwatch;Gregg Helm;Feminino;12:37:43;2;1600,0;Dinheiro
2026-07-21;825;Porto Alegre;Rafael Oliveira;Notebook;Noel Stephens;Masculino;21:20:44;5;17500,0;Boleto
2026-07-21;1489;São Paulo;Lucas Silva;Smartwatch;Della Kitts;Masculino;14:57:49;3;2400,0;Pix
2026-07-22;396;Porto Alegre;Mariana Lima;Smartwatch;Donald Wells;Feminino;10:19:41;4;3200,0;Pix
2026-07-22;569;Salvador;Juliana Santos;Fone de Ouvido;Erika Leneave;Masculino;20:21:42;3;750,0;Pix
2026-07-22;728;Porto Alegre;Rafael Oliveira;Tablet;Henry Logan;Masculino;04:21:43;3;3600,0;Cartão de Crédito
2026-07-22;908;Porto Alegre;Rafael Oliveira;Smartphone;Dennis Adler;Masculino;17:30:44;2;3000,0;Cartão de Crédito
2026-07-22;1396;Rio de Janeiro;Bruno Costa;Smartwatch;Robert Kuhn;Feminino;12:19:48;4;3200,0;Cartão de Crédito
2026-07-22;1485;Belo Horizonte;Ana Paula;Fone de Ouvido;Brandi Brush;Masculino;18:04:49;1;250,0;Boleto
2026-07-22;1759;Porto Alegre;Rafael Oliveira;Fone de Ouvido;Marion Conroy;Feminino;12:49:50;1;250,0;Cartão de Crédito
2026-07-23;262;Salvador;Juliana Santos;Tablet;Ellen Redinger;Feminino;15:56:40;4;4800,0;Dinheiro
2026-07-23;570;São Paulo;Lucas Silva;Notebook;Maria Herren;Feminino;14:07:42;4;14000,0;Cartão de Crédito
2026-07-23;994;São Paulo;Lucas Silva;Smartphone;David Murphy;Feminino;00:52:45;5;7500,0;Boleto
2026-07-23;1721;São Paulo;Lucas Silva;Fone de Ouvido;Raymond Mccullough;Feminino;03:35:50;4;1000,0;Boleto
2026-07-24;147;Belo Horizonte;Ana Paula;Tablet;Danae Rio;Masculino;01:17:40;2;2400,0;Pix
2026-07-24;1199;Porto Alegre;Mariana Lima;Smartphone;Michael Tunnell;Masculino;02:40:47;5;7500,0;Cartão de Crédito
2026-07-24;1449;São Paulo;Lucas Silva;Notebook;Roberto Hall;Feminino;10:09:49;2;7000,0;Pix
2026-07-24;1520;Porto Alegre;Rafael Oliveira;Notebook;Otis Arsenault;Masculino;15:04:49;3;10500,0;Pix
2026-07-24;1629;Salvador;Juliana Santos;Smartwatch;Tammy Draggoo;Masculino;06:41:50;5;4000,0;Cartão de Crédito
2026-07-24;1921;Salvador;Thiago Pereira;Fone de Ouvido;Allen Lozano;Feminino;01:34:51;5;1250,0;Dinheiro
2026-07-25;123;Porto Alegre;Mariana Lima;Notebook;Carrie Lampkin;Masculino;05:23:39;5;17500,0;Cartão de Crédito
2026-07-25;154;São Paulo;Aline Maria;Notebook;Malcom Donald;Feminino;17:21:40;1;3500,0;Boleto
2026-07-25;443;Salvador;Thiago Pereira;Tablet;Mike Wilson;Masculino;22:53:41;5;6000,0;Pix
2026-07-25;590;Porto Alegre;Mariana Lima;Smartwatch;Harry Sands;Masculino;14:53:42;5;4000,0;Dinheiro
2026-07-25;955;São Paulo;Lucas Silva;Tablet;Maria Spohn;Masculino;00:48:45;5;6000,0;Cartão de Crédito
2026-07-25;1505;Rio de Janeiro;Carla Souza;Notebook;Debbie Garcia;Masculino;18:37:49;2;7000,0;Boleto
2026-07-25;1933;São Paulo;Lucas Silva;Smartphone;Chad Robey;Masculino;06:47:51;1;1500,0;Cartão de Crédito
2026-07-26;844;Belo Horizonte;Fernando Alves;Smartwatch;Sandra Garcia;Masculino;16:23:44;3;2400,0;Boleto
2026-07-26;856;Belo Horizonte;Ana Paula;Notebook;Gloria Patterson;Feminino;01:30:44;1;3500,0;Boleto
2026-07-26;1508;Porto Alegre;Rafael Oliveira;Fone de Ouvido;Priscilla Williams;Feminino;06:17:49;2;500,0;Cartão de Crédito
2026-07-26;1801;Salvador;Juliana Santos;Notebook;Dewayne Simmons;Feminino;22:01:51;1;3500,0;Pix
2026-07-27;1169;Porto Alegre;Rafael Oliveira;Fone de Ouvido;Maureen Reno;Masculino;18:00:47;3;750,0;Boleto
2026-07-27;1559;Rio de Janeiro;Carla Souza;Smartphone;Janet Keifer;Feminino;23:25:49;2;3000,0;Boleto
2026-07-27;1779;São Paulo;Aline Maria;Tablet;Katina Shelton;Masculino;08:25:51;3;3600,0;Pix
2026-07-28;25;Belo Horizonte;Fernando Alves;Tablet;Ronda Gomez;Feminino;09:37:39;1;1200,0;Pix
2026-07-28;426;Belo Horizonte;Fernando Alves;Tablet;Jacqueline May;Masculino;16:34:41;4;4800,0;Boleto
2026-07-28;688;Rio de Janeiro;Bruno Costa;Smartphone;Wanda Baker;Masculino;10:46:43;2;3000,0;Dinheiro
2026-07-28;707;Rio de Janeiro;Bruno Costa;Tablet;Kristine Todd;Masculino;09:55:43;5;6000,0;Pix
2026-07-28;914;São Paulo;Lucas Silva;Tablet;Claire Winkelman;Masculino;12:32:44;1;1200,0;Dinheiro
2026-07-28;1013;Porto Alegre;Rafael Oliveira;Smartwatch;Scott Malpass;Feminino;05:42:45;3;2400,0;Cartão de Crédito
2026-07-28;1606;Porto Alegre;Rafael Oliveira;Fone de Ouvido;Antonia Miera;Masculino;07:23:50;3;750,0;Cartão de Crédito
2026-07-28;1965;Belo Horizonte;Ana Paula;Smartwatch;Patricia Luther;Feminino;07:24:52;1;800,0;Boleto
2026-07-30;158;Porto Alegre;Rafael Oliveira;Smartphone;Jeffrey Harrington;Feminino;02:16:40;3;4500,0;Boleto
2026-07-30;645;São Paulo;Aline Maria;Tablet;Sheri Phuong;Masculino;11:24:43;2;2400,0;Pix
2026-07-30;941;São Paulo;Lucas Silva;Smartwatch;Richard Shawler;Masculino;14:27:45;3;2400,0;Dinheiro
2026-07-30;995;Salvador;Juliana Santos;Notebook;Jennifer Mathews;Feminino;08:26:45;4;14000,0;Cartão de Crédito
2026-07-31;288;Salvador;Juliana Santos;Notebook;Susan Karban;Feminino;15:15:41;2;7000,0;Dinheiro
2026-07-31;685;Belo Horizonte;Fernando Alves;Fone de Ouvido;Pa Douglas;Masculino;09:07:43;5;1250,0;Dinheiro
2026-07-31;1327;São Paulo;Aline Maria;Notebook;John Mclean;Feminino;13:58:48;2;7000,0;Dinheiro
2026-07-31;1618;Belo Horizonte;Ana Paula;Notebook;John Tharp;Feminino;19:22:50;2;7000,0;Cartão de Crédito
2026-07-31;1765;Rio de Janeiro;Carla Souza;Fone de Ouvido;Nancy Tynes;Masculino;21:44:50;5;1250,0;Boleto
2026-08-01;510;Belo Horizonte;Fernando Alves;Smartwatch;Kenneth Walley;Masculino;08:59:42;2;1600,0;Pix
2026-08-01;713;Salvador;Juliana Santos;Smartwatch;Pablo Alexander;Feminino;05:30:43;1;800,0;Boleto
2026-08-01;1663;Rio de Janeiro;Bruno Costa;Fone de Ouvido;Anne Cole;Feminino;03:09:50;1;250,0;Dinheiro
2026-08-02;730;Porto Alegre;Mariana Lima;Smartphone;Joey Ledoux;Masculino;13:53:43;4;6000,0;Cartão de Crédito
2026-08-02;1148;Rio de Janeiro;Bruno Costa;Fone de Ouvido;Norman Baez;Masculino;12:09:46;5;1250,0;Boleto
2026-08-02;1822;Porto Alegre;Mariana Lima;Tablet;Susan Marchman;Feminino;12:40:51;1;1200,0;Cartão de Crédito
2026-08-02;1942;Rio de Janeiro;Carla Souza;Smartwatch;Wesley Asher;Feminino;01:42:51;5;4000,0;Cartão de Crédito
2026-08-02;1974;Salvador;Thiago Pereira;Smartwatch;Brian Burkhart;Feminino;05:07:52;1;800,0;Dinheiro
2026-08-03;411;Porto Alegre;Mariana Lima;Tablet;Walter Brown;Masculino;18:06:41;5;6000,0;Dinheiro
2026-08-03;415;Rio de Janeiro;Carla Souza;Smartwatch;Martha Burton;Masculino;13:34:41;3;2400,0;Boleto
2026-08-03;944;São Paulo;Aline Maria;Tablet;Wayne Hainley;Feminino;21:28:45;2;2400,0;Dinheiro
2026-08-03;946;Rio de Janeiro;Carla Souza;Tablet;Manuel Farrington;Feminino;02:01:45;3;3600,0;Cartão de Crédito
2026-08-03;1164;Belo Horizonte;Ana Paula;Notebook;Arlene Korfhage;Feminino;19:28:46;4;14000,0;Dinheiro
2026-08-03;1667;Belo Horizonte;Fernando Alves;Fone de Ouvido;Dwayne Dias;Masculino;22:58:50;1;250,0;Pix
2026-08-05;608;Rio de Janeiro;Carla Souza;Smartwatch;Keith Mason;Masculino;11:30:43;2;1600,0;Dinheiro
2026-08-05;701;Belo Horizonte;Ana Paula;Smartwatch;Rachel Nuno;Feminino;05:45:43;4;3200,0;Boleto
2026-08-05;772;Salvador;Thiago Pereira;Smartwatch;Robert Richardson;Feminino;20:02:44;2;1600,0;Cartão de Crédito
2026-08-05;1017;São Paulo;Lucas Silva;Notebook;Jody Jolicoeur;Masculino;06:35:45;1;3500,0;Pix
2026-08-05;1157;Salvador;Thiago Pereira;Notebook;Margaret Parker;Masculino;08:52:46;1;3500,0;Boleto
2026-08-05;1511;Belo Horizonte;Fernando Alves;Tablet;Derrick Sibert;Masculino;20:07:49;2;2400,0;Pix
2026-08-05;1659;Porto Alegre;Rafael Oliveira;Smartwatch;Anisha Richardson;Feminino;01:50:50;4;3200,0;Cartão de Crédito
2026-08-06;534;Salvador;Juliana Santos;Smartwatch;Rebecca Cho;Masculino;12:40:42;1;800,0;Cartão de Crédito
2026-08-06;596;Porto Alegre;Mariana Lima;Notebook;Clara Lewis;Feminino;10:35:42;1;3500,0;Boleto
2026-08-06;857;São Paulo;Lucas Silva;Tablet;Ashli Trainer;Masculino;10:11:44;5;6000,0;Dinheiro
2026-08-06;1926;Rio de Janeiro;Bruno Costa;Notebook;Brenda Williams;Feminino;05:26:51;5;17500,0;Dinheiro
2026-08-07;212;São Paulo;Aline Maria;Fone de Ouvido;Ray King;Masculino;15:08:40;4;1000,0;Dinheiro
2026-08-07;217;Porto Alegre;Rafael Oliveira;Smartwatch;Dianne Le;Masculino;02:47:40;3;2400,0;Dinheiro
2026-08-07;430;Belo Horizonte;Ana Paula;Smartphone;William Christie;Masculino;01:24:41;4;6000,0;Dinheiro
2026-08-07;735;Rio de Janeiro;Carla Souza;Fone de Ouvido;Judy Reddy;Masculino;13:33:43;1;250,0;Pix
2026-08-07;1258;Rio de Janeiro;Bruno Costa;Smartwatch;Robbie Hoover;Feminino;22:38:47;3;2400,0;Cartão de Crédito
2026-08-07;1289;Belo Horizonte;Ana Paula;Smartwatch;Willie Bly;Masculino;04:33:48;4;3200,0;Pix
2026-08-07;1556;Porto Alegre;Rafael Oliveira;Smartphone;David Wolfe;Masculino;20:43:49;3;4500,0;Dinheiro
2026-08-08;287;Porto Alegre;Rafael Oliveira;Smartwatch;Patrick Newton;Masculino;20:40:41;3;2400,0;Cartão de Crédito
2026-08-08;1380;Belo Horizonte;Fernando Alves;Smartwatch;Henry Pidro;Masculino;08:59:48;3;2400,0;Boleto
2026-08-08;1590;São Paulo;Lucas Silva;Fone de Ouvido;Sofia Morris;Masculino;07:37:49;4;1000,0;Boleto
2026-08-08;1736;Porto Alegre;Rafael Oliveira;Notebook;Mary Parker;Masculino;04:11:50;4;14000,0;Pix
2026-08-08;1981;São Paulo;Aline Maria;Tablet;Louis Ward;Masculino;18:28:52;2;2400,0;Cartão de Crédito
2026-08-09;717;São Paulo;Aline Maria;Tablet;Ruth Shelley;Masculino;14:22:43;3;3600,0;Pix
2026-08-09;1699;Porto Alegre;Rafael Oliveira;Fone de Ouvido;Tiffany Dickerson;Masculino;10:26:50;5;1250,0;Cartão de Crédito
2026-08-10;243;Porto Alegre;Mariana Lima;Smartwatch;Frankie John;Masculino;17:39:40;3;2400,0;Cartão de Crédito
2026-08-10;252;Belo Horizonte;Fernando Alves;Notebook;William Rash;Masculino;23:19:40;5;17500,0;Boleto
2026-08-10;679;Rio de Janeiro;Bruno Costa;Smartwatch;Bernice Dozier;Feminino;00:32:43;4;3200,0;Pix
2026-08-10;964;São Paulo;Aline Maria;Smartphone;Ruth Jacobson;Feminino;08:13:45;4;6000,0;Pix
2026-08-10;1442;Rio de Janeiro;Carla Souza;Smartphone;Neil Dona;Masculino;06:30:49;5;7500,0;Cartão de Crédito
2026-08-10;1550;Salvador;Thiago Pereira;Smartphone;John Wise;Masculino;08:37:49;1;1500,0;Cartão de Crédito
2026-08-10;1627;Salvador;Thiago Pereira;Smartwatch;Bradley Church;Masculino;21:12:50;5;4000,0;Boleto
2026-08-10;1664;São Paulo;Aline Maria;Smartphone;Robert Gonzalez;Masculino;12:16:50;2;3000,0;Cartão de Crédito
2026-08-10;1746;São Paulo;Lucas Silva;Smartphone;Harvey Mahurin;Feminino;19:01:50;3;4500,0;Dinheiro
2026-08-10;1967;Porto Alegre;Rafael Oliveira;Fone de Ouvido;Todd Lavoie;Masculino;03:51:52;1;250,0;Cartão de Crédito
2026-08-11;440;Rio de Janeiro;Bruno Costa;Smartwatch;Peter Harmon;Masculino;19:04:41;2;1600,0;Pix
2026-08-11;627;Rio de Janeiro;Carla Souza;Tablet;George Fink;Masculino;16:30:43;2;2400,0;Dinheiro
2026-08-11;705;São Paulo;Lucas Silva;Smartwatch;Louise Coulter;Feminino;16:22:43;2;1600,0;Boleto
2026-08-11;943;Rio de Janeiro;Carla Souza;Smartphone;Bobby Halton;Feminino;08:10:45;4;6000,0;Dinheiro
2026-08-11;986;Belo Horizonte;Fernando Alves;Tablet;Jacques Koprowski;Masculino;12:18:45;5;6000,0;Dinheiro
2026-08-11;1177;Salvador;Thiago Pereira;Smartphone;Gerardo Ingraham;Masculino;13:40:47;2;3000,0;Pix
2026-08-11;1195;Belo Horizonte;Ana Paula;Smartwatch;Renee Johnson;Masculino;20:21:47;4;3200,0;Boleto
2026-08-11;1432;São Paulo;Lucas Silva;Notebook;David Walker;Masculino;13:24:48;4;14000,0;Boleto
2026-08-11;1936;Salvador;Juliana Santos;Smartwatch;Randall Harris;Masculino;18:39:51;5;4000,0;Pix
2026-08-12;502;Salvador;Thiago Pereira;Notebook;Bobby Zebell;Feminino;13:14:42;3;10500,0;Dinheiro
2026-08-12;765;São Paulo;Lucas Silva;Smartwatch;Edward Gates;Feminino;18:53:44;2;1600,0;Cartão de Crédito
2026-08-12;817;Porto Alegre;Mariana Lima;Fone de Ouvido;Karen Mcfadden;Masculino;12:15:44;2;500,0;Pix
2026-08-12;867;Belo Horizonte;Fernando Alves;Tablet;Louise Fallis;Feminino;01:41:44;4;4800,0;Boleto
2026-08-12;1055;Porto Alegre;Rafael Oliveira;Smartphone;Angie Rockwood;Masculino;06:20:45;3;4500,0;Cartão de Crédito
2026-08-12;1243;Belo Horizonte;Ana Paula;Tablet;Danielle Kaiser;Masculino;13:42:47;5;6000,0;Boleto
2026-08-12;1669;Porto Alegre;Mariana Lima;Smartwatch;Willard Warnock;Feminino;16:38:50;1;800,0;Boleto
2026-08-13;436;São Paulo;Lucas Silva;Smartwatch;Joseph Erickson;Masculino;03:20:41;2;1600,0;Pix
2026-08-13;680;Porto Alegre;Mariana Lima;Notebook;Charles Hemrich;Masculino;21:06:43;1;3500,0;Cartão de Crédito
2026-08-13;839;Salvador;Thiago Pereira;Tablet;Adriana Short;Masculino;14:58:44;4;4800,0;Cartão de Crédito
2026-08-13;1062;Salvador;Thiago Pereira;Notebook;Gilbert Erwin;Masculino;14:57:45;2;7000,0;Boleto
2026-08-13;1471;Rio de Janeiro;Bruno Costa;Smartwatch;Sharon Canfield;Masculino;14:20:49;4;3200,0;Pix
2026-08-13;1968;Belo Horizonte;Fernando Alves;Notebook;Wesley Powers;Masculino;21:50:52;2;7000,0;Pix
2026-08-14;80;Belo Horizonte;Fernando Alves;Fone de Ouvido;Dorothy White;Feminino;04:09:39;1;250,0;Boleto
2026-08-14;828;Porto Alegre;Rafael Oliveira;Notebook;Raymond Wilkerson;Feminino;05:10:44;5;17500,0;Dinheiro
2026-08-14;1365;Salvador;Juliana Santos;Tablet;Debbie Cordell;Masculino;07:43:48;4;4800,0;Cartão de Crédito
2026-08-14;1561;Porto Alegre;Mariana Lima;Tablet;Rose Naquin;Feminino;01:35:49;4;4800,0;Pix
2026-08-15;7;Belo Horizonte;Fernando Alves;Smartwatch;Michael Mahaffey;Feminino;10:09:39;4;3200,0;Dinheiro
2026-08-15;1507;Porto Alegre;Rafael Oliveira;Smartwatch;Susan Rhen;Feminino;03:34:49;2;1600,0;Cartão de Crédito
2026-08-15;1523;São Paulo;Lucas Silva;Smartphone;Jason Mackie;Feminino;06:25:49;5;7500,0;Boleto
2026-08-15;1644;Belo Horizonte;Fernando Alves;Smartwatch;Milton Aponte;Masculino;17:49:50;5;4000,0;Pix
2026-08-15;1876;São Paulo;Aline Maria;Notebook;Mary Baumgardner;Feminino;04:17:51;4;14000,0;Cartão de Crédito
2026-08-15;1922;Salvador;Juliana Santos;Fone de Ouvido;Christopher Green;Feminino;15:40:51;4;1000,0;Dinheiro
2026-08-16;522;Salvador;Thiago Pereira;Notebook;Francis Chavez;Masculino;08:06:42;4;14000,0;Boleto
2026-08-17;234;Rio de Janeiro;Bruno Costa;Smartphone;Amanda Escamilla;Feminino;11:37:40;5;7500,0;Cartão de Crédito
2026-08-17;305;Porto Alegre;Mariana Lima;Smartphone;Diane Stodden;Masculino;02:55:41;1;1500,0;Boleto
2026-08-17;1370;São Paulo;Lucas Silva;Fone de Ouvido;Steven Campbell;Masculino;07:42:48;1;250,0;Pix
2026-08-17;1657;São Paulo;Lucas Silva;Smartphone;Kristopher Demaray;Feminino;07:25:50;2;3000,0;Pix
2026-08-17;1823;Salvador;Thiago Pereira;Tablet;Audrey Young;Feminino;23:17:51;2;2400,0;Boleto
2026-08-17;1943;Porto Alegre;Mariana Lima;Fone de Ouvido;Deanna Bartholomew;Feminino;06:17:51;4;1000,0;Cartão de Crédito
2026-08-17;1964;Porto Alegre;Rafael Oliveira;Tablet;Maria Smith;Feminino;03:27:52;5;6000,0;Cartão de Crédito
2026-08-18;61;Belo Horizonte;Fernando Alves;Smartwatch;Jesus Tribble;Masculino;16:15:39;5;4000,0;Cartão de Crédito
2026-08-18;400;São Paulo;Lucas Silva;Smartwatch;Louise Harris;Masculino;12:49:41;5;4000,0;Cartão de Crédito
2026-08-18;582;Belo Horizonte;Ana Paula;Smartwatch;April Mattson;Feminino;13:03:42;5;4000,0;Dinheiro
2026-08-18;644;Rio de Janeiro;Carla Souza;Smartphone;Terrance Leon;Feminino;02:48:43;4;6000,0;Pix
2026-08-18;1529;Porto Alegre;Mariana Lima;Notebook;Tiffany Peterson;Feminino;21:30:49;1;3500,0;Cartão de Crédito
2026-08-19;299;Porto Alegre;Mariana Lima;Smartphone;Yvonne Alejandre;Masculino;07:45:41;4;6000,0;Cartão de Crédito
2026-08-19;521;Salvador;Juliana Santos;Tablet;James Aquilina;Feminino;17:07:42;5;6000,0;Dinheiro
2026-08-19;758;Porto Alegre;Mariana Lima;Smartwatch;Elaine Hampton;Masculino;22:23:44;1;800,0;Dinheiro
2026-08-19;1132;Rio de Janeiro;Bruno Costa;Smartphone;Kathleen Wallace;Feminino;12:41:46;2;3000,0;Boleto
2026-08-19;1198;Belo Horizonte;Fernando Alves;Smartphone;Mary Needleman;Feminino;15:38:47;5;7500,0;Pix
2026-08-19;1312;Belo Horizonte;Fernando Alves;Tablet;Barbra Green;Masculino;13:17:48;2;2400,0;Boleto
2026-08-19;1435;São Paulo;Lucas Silva;Smartwatch;James Johnson;Feminino;02:06:48;3;2400,0;Boleto
2026-08-19;1976;Belo Horizonte;Fernando Alves;Notebook;Jacinta Banks;Masculino;17:28:52;1;3500,0;Dinheiro
2026-08-20;250;São Paulo;Aline Maria;Fone de Ouvido;Scott Royer;Masculino;09:45:40;5;1250,0;Boleto
2026-08-20;317;São Paulo;Aline Maria;Fone de Ouvido;Kathleen White;Feminino;06:36:41;1;250,0;Cartão de Crédito
2026-08-20;408;Belo Horizonte;Fernando Alves;Fone de Ouvido;Michael Keeler;Feminino;16:42:41;2;500,0;Dinheiro
2026-08-20;429;Porto Alegre;Mariana Lima;Smartphone;Sonja Durkee;Masculino;10:24:41;4;6000,0;Boleto
2026-08-20;453;Salvador;Juliana Santos;Notebook;Pauline Rasmussen;Feminino;00:26:41;5;17500,0;Pix
2026-08-20;1154;Rio de Janeiro;Carla Souza;Fone de Ouvido;Robert Gindlesperger;Masculino;04:56:46;3;750,0;Dinheiro
2026-08-20;1381;São Paulo;Aline Maria;Notebook;Curtis Wilhelm;Feminino;13:17:48;4;14000,0;Boleto
2026-08-20;1712;São Paulo;Lucas Silva;Fone de Ouvido;Katie Vaughn;Masculino;16:24:50;1;250,0;Boleto
2026-08-21;307;Porto Alegre;Mariana Lima;Fone de Ouvido;Ophelia Aiello;Feminino;13:52:41;1;250,0;Cartão de Crédito
2026-08-21;704;Salvador;Thiago Pereira;Smartwatch;Mary Powell;Masculino;03:27:43;5;4000,0;Pix
2026-08-21;1031;Rio de Janeiro;Carla Souza;Fone de Ouvido;Christopher Cole;Masculino;05:37:45;3;750,0;Pix
2026-08-21;1483;São Paulo;Aline Maria;Smartwatch;William Wallace;Feminino;10:28:49;3;2400,0;Boleto
2026-08-22;228;Belo Horizonte;Ana Paula;Smartphone;Kirsten Helmuth;Feminino;23:10:40;1;1500,0;Dinheiro
2026-08-22;393;Belo Horizonte;Fernando Alves;Notebook;James Mrozinski;Feminino;18:05:41;1;3500,0;Dinheiro
2026-08-22;1242;Belo Horizonte;Fernando Alves;Smartphone;Maureen Hoover;Masculino;00:35:47;1;1500,0;Pix
2026-08-22;1952;Porto Alegre;Mariana Lima;Smartwatch;Pete Bauer;Feminino;22:28:51;5;4000,0;Boleto
2026-08-23;171;São Paulo;Aline Maria;Smartphone;Flora Torres;Feminino;13:57:40;3;4500,0;Boleto
2026-08-23;1816;Belo Horizonte;Fernando Alves;Tablet;Karen Elliott;Masculino;09:18:51;3;3600,0;Boleto
2026-08-24;222;Salvador;Thiago Pereira;Smartphone;Loretta Thomas;Masculino;20:51:40;4;6000,0;Pix
2026-08-24;826;Belo Horizonte;Ana Paula;Smartphone;Graciela Hackney;Masculino;10:01:44;5;7500,0;Boleto
2026-08-24;933;Belo Horizonte;Fernando Alves;Smartphone;Lisa Custard;Feminino;09:43:45;4;6000,0;Cartão de Crédito
2026-08-24;1166;Salvador;Juliana Santos;Notebook;Paul Evans;Masculino;03:23:46;3;10500,0;Boleto
2026-08-24;1206;Porto Alegre;Mariana Lima;Smartwatch;Kelly Thompson;Masculino;15:48:47;1;800,0;Cartão de Crédito
2026-08-24;1262;Salvador;Thiago Pereira;Smartphone;Ramona Freeman;Feminino;14:47:47;1;1500,0;Pix
2026-08-24;1784;Porto Alegre;Rafael Oliveira;Smartwatch;Ronald Zappulla;Masculino;06:06:51;2;1600,0;Pix
2026-08-25;146;Belo Horizonte;Ana Paula;Smartphone;Scott Martinez;Feminino;00:57:40;3;4500,0;Pix
2026-08-25;376;Belo Horizonte;Ana Paula;Smartphone;Marjorie Wearing;Feminino;17:58:41;4;6000,0;Cartão de Crédito
2026-08-25;967;Salvador;Thiago Pereira;Smartphone;Thelma Boyd;Feminino;07:59:45;2;3000,0;Boleto
2026-08-25;1089;Porto Alegre;Mariana Lima;Fone de Ouvido;John Bates;Feminino;01:28:46;4;1000,0;Cartão de Crédito
2026-08-25;1795;Porto Alegre;Rafael Oliveira;Notebook;Michelle Brown;Masculino;15:28:51;4;14000,0;Cartão de Crédito
2026-08-26;37;Porto Alegre;Rafael Oliveira;Tablet;Richard Templeton;Masculino;21:30:39;1;1200,0;Boleto
2026-08-26;108;São Paulo;Lucas Silva;Smartphone;Sue Volesky;Feminino;23:17:39;1;1500,0;Dinheiro
2026-08-26;409;São Paulo;Aline Maria;Tablet;Jeramy Woods;Masculino;06:05:41;1;1200,0;Dinheiro
2026-08-26;668;Porto Alegre;Mariana Lima;Notebook;William Loyd;Feminino;02:05:43;1;3500,0;Pix
2026-08-26;894;Rio de Janeiro;Carla Souza;Tablet;Edwin Drake;Masculino;01:43:44;3;3600,0;Pix
2026-08-26;1402;Porto Alegre;Mariana Lima;Notebook;Bernadette Anderson;Feminino;19:16:48;3;10500,0;Dinheiro
2026-08-26;1643;Porto Alegre;Rafael Oliveira;Smartwatch;Juan Oxendine;Masculino;18:49:50;2;1600,0;Pix
2026-08-26;1724;Porto Alegre;Rafael Oliveira;Smartwatch;Lori Linthicum;Masculino;13:25:50;5;4000,0;Dinheiro
2026-08-26;1788;Porto Alegre;Rafael Oliveira;Notebook;Pamela Manfredi;Masculino;18:42:51;1;3500,0;Boleto
2026-08-27;10;Rio de Janeiro;Carla Souza;Notebook;Jefferson Beck;Feminino;10:05:39;4;14000,0;Pix
2026-08-27;32;Porto Alegre;Mariana Lima;Fone de Ouvido;Kenneth Nevarez;Feminino;09:49:39;3;750,0;Boleto
2026-08-27;407;Rio de Janeiro;Carla Souza;Smartphone;Martha Stjohn;Feminino;14:23:41;5;7500,0;Pix
2026-08-27;630;Rio de Janeiro;Bruno Costa;Tablet;Aaron Hinton;Masculino;23:04:43;2;2400,0;Boleto
2026-08-27;891;Salvador;Thiago Pereira;Smartwatch;Joseph Stillings;Feminino;20:25:44;5;4000,0;Cartão de Crédito
2026-08-27;945;São Paulo;Aline Maria;Fone de Ouvido;Elizabeth Lane;Masculino;19:32:45;5;1250,0;Boleto
2026-08-27;969;Rio de Janeiro;Carla Souza;Smartphone;Mary Bookwalter;Masculino;09:57:45;4;6000,0;Pix
2026-08-27;1048;Porto Alegre;Mariana Lima;Smartwatch;Julia Jackson;Feminino;16:36:45;1;800,0;Boleto
2026-08-27;1225;Belo Horizonte;Ana Paula;Fone de Ouvido;Louis Dupuis;Masculino;15:00:47;4;1000,0;Boleto
2026-08-27;1256;Porto Alegre;Mariana Lima;Tablet;Leila Kasky;Masculino;06:49:47;1;1200,0;Cartão de Crédito
2026-08-27;1431;Porto Alegre;Mariana Lima;Fone de Ouvido;Bertie Ortega;Feminino;09:02:48;3;750,0;Pix
2026-08-28;603;Rio de Janeiro;Carla Souza;Smartphone;Zonia Morton;Masculino;05:56:42;1;1500,0;Dinheiro
2026-08-28;670;São Paulo;Aline Maria;Tablet;Michael Oswalt;Feminino;00:06:43;4;4800,0;Boleto
2026-08-28;822;Salvador;Thiago Pereira;Smartwatch;Georgia Contreras;Feminino;03:53:44;2;1600,0;Boleto
2026-08-28;1416;São Paulo;Aline Maria;Notebook;Arlene Jameson;Masculino;12:27:48;3;10500,0;Boleto
2026-08-28;1593;São Paulo;Aline Maria;Smartphone;Anna Jones;Feminino;10:49:49;1;1500,0;Pix
2026-08-28;1658;Belo Horizonte;Fernando Alves;Smartwatch;Katie Ehrlich;Masculino;21:57:50;4;3200,0;Cartão de Crédito
2026-08-28;1857;São Paulo;Aline Maria;Tablet;Marco Hilts;Feminino;01:08:51;3;3600,0;Cartão de Crédito
2026-08-29;172;São Paulo;Lucas Silva;Tablet;Patrica Perkins;Feminino;22:31:40;2;2400,0;Cartão de Crédito
2026-08-29;259;Belo Horizonte;Fernando Alves;Smartphone;Donald Ponder;Masculino;05:20:40;5;7500,0;Dinheiro
2026-08-29;499;Belo Horizonte;Ana Paula;Fone de Ouvido;Christopher Obrien;Masculino;04:31:42;5;1250,0;Cartão de Crédito
2026-08-29;791;Salvador;Juliana Santos;Notebook;Willard Morales;Masculino;14:41:44;4;14000,0;Pix
2026-08-29;1128;Belo Horizonte;Fernando Alves;Tablet;Charles Brazil;Masculino;21:44:46;3;3600,0;Pix
2026-08-29;1371;Porto Alegre;Mariana Lima;Smartwatch;James Bodrey;Feminino;02:42:48;2;1600,0;Pix
2026-08-29;1767;Belo Horizonte;Fernando Alves;Notebook;Joseph Smith;Feminino;19:49:50;1;3500,0;Boleto
2026-08-30;260;Rio de Janeiro;Bruno Costa;Smartphone;Edith Mariani;Feminino;17:12:40;4;6000,0;Cartão de Crédito
2026-08-30;823;Belo Horizonte;Fernando Alves;Smartphone;Lauren Allen;Masculino;19:20:44;5;7500,0;Pix
2026-08-30;1428;Salvador;Juliana Santos;Notebook;Scott Hargett;Feminino;02:05:48;5;17500,0;Cartão de Crédito
2026-08-31;418;Porto Alegre;Rafael Oliveira;Smartwatch;Jane Clanton;Masculino;23:56:41;4;3200,0;Dinheiro
2026-08-31;1040;Rio de Janeiro;Carla Souza;Smartphone;Tyrell Russell;Feminino;21:03:45;4;6000,0;Dinheiro
2026-08-31;1222;Belo Horizonte;Fernando Alves;Fone de Ouvido;Johnathan Gray;Masculino;13:25:47;1;250,0;Dinheiro
2026-08-31;1264;Rio de Janeiro;Carla Souza;Tablet;Shawna Davis;Feminino;20:21:47;2;2400,0;Pix
2026-09-01;634;Belo Horizonte;Ana Paula;Tablet;Lawrence Evans;Feminino;22:31:43;2;2400,0;Pix
2026-09-01;662;Salvador;Thiago Pereira;Fone de Ouvido;Leslie Place;Masculino;16:03:43;5;1250,0;Cartão de Crédito
2026-09-01;777;São Paulo;Lucas Silva;Tablet;Shirley Partin;Feminino;12:35:44;2;2400,0;Pix
2026-09-01;1070;Rio de Janeiro;Carla Souza;Tablet;Antonetta Ramirez;Feminino;09:21:46;3;3600,0;Cartão de Crédito
2026-09-01;1543;Porto Alegre;Rafael Oliveira;Tablet;Ernesto Rolen;Feminino;20:02:49;5;6000,0;Dinheiro
2026-09-02;350;Porto Alegre;Mariana Lima;Tablet;Irene Young;Feminino;06:18:41;1;1200,0;Boleto
2026-09-02;858;Salvador;Juliana Santos;Tablet;Barry Skiles;Masculino;14:32:44;4;4800,0;Cartão de Crédito
2026-09-02;1149;Porto Alegre;Mariana Lima;Notebook;Terry Steenberg;Masculino;03:02:46;5;17500,0;Boleto
2026-09-02;1229;Porto Alegre;Mariana Lima;Smartphone;William Diaz;Masculino;17:50:47;2;3000,0;Cartão de Crédito
2026-09-02;1866;Belo Horizonte;Ana Paula;Notebook;Kim Vega;Masculino;18:58:51;2;7000,0;Pix
2026-09-03;157;Porto Alegre;Mariana Lima;Tablet;David Cervantes;Feminino;03:22:40;5;6000,0;Boleto
2026-09-03;455;Belo Horizonte;Fernando Alves;Tablet;Marie Moore;Feminino;03:04:41;2;2400,0;Pix
2026-09-03;842;São Paulo;Lucas Silva;Tablet;Manuel Hickey;Masculino;01:27:44;4;4800,0;Boleto
2026-09-03;1451;São Paulo;Lucas Silva;Tablet;David Luhman;Feminino;01:08:49;2;2400,0;Boleto
2026-09-04;235;Belo Horizonte;Fernando Alves;Notebook;Barbara Dillon;Masculino;21:00:40;1;3500,0;Cartão de Crédito
2026-09-04;650;Porto Alegre;Mariana Lima;Smartwatch;Robert Powley;Masculino;13:40:43;1;800,0;Cartão de Crédito
2026-09-04;1599;São Paulo;Lucas Silva;Fone de Ouvido;Virginia Olson;Feminino;08:18:50;3;750,0;Pix
2026-09-04;1834;São Paulo;Aline Maria;Fone de Ouvido;Patricia Wyatt;Feminino;06:28:51;1;250,0;Boleto
2026-09-05;189;Porto Alegre;Mariana Lima;Notebook;John Witherspoon;Feminino;09:39:40;4;14000,0;Boleto
2026-09-05;1121;Porto Alegre;Mariana Lima;Smartphone;Marvin Verduzco;Masculino;13:14:46;3;4500,0;Cartão de Crédito
2026-09-05;1722;Rio de Janeiro;Carla Souza;Fone de Ouvido;Tony Willert;Feminino;13:08:50;1;250,0;Pix
2026-09-06;458;São Paulo;Lucas Silva;Notebook;Martha Derks;Feminino;17:38:41;1;3500,0;Dinheiro
2026-09-06;1135;Porto Alegre;Rafael Oliveira;Smartwatch;Frank Anderson;Masculino;18:08:46;1;800,0;Boleto
2026-09-06;1565;Porto Alegre;Mariana Lima;Fone de Ouvido;Jaclyn Yang;Feminino;03:11:49;5;1250,0;Dinheiro
2026-09-06;1674;Porto Alegre;Mariana Lima;Tablet;Patrick Gutierrez;Masculino;19:25:50;3;3600,0;Pix
2026-09-06;1710;Rio de Janeiro;Carla Souza;Smartwatch;Mary Weston;Feminino;09:30:50;4;3200,0;Dinheiro
2026-09-07;126;Salvador;Thiago Pereira;Smartphone;Kenneth Tindall;Masculino;09:52:40;1;1500,0;Boleto
2026-09-07;275;Salvador;Juliana Santos;Fone de Ouvido;Johnnie Garcia;Masculino;19:43:40;1;250,0;Boleto
2026-09-07;306;São Paulo;Lucas Silva;Smartphone;Daniella Ridgeway;Masculino;00:44:41;2;3000,0;Boleto
2026-09-07;382;Salvador;Thiago Pereira;Notebook;Raul Pierce;Feminino;22:47:41;3;10500,0;Boleto
2026-09-07;518;Rio de Janeiro;Bruno Costa;Smartphone;Daniel Gibson;Masculino;17:12:42;1;1500,0;Pix
2026-09-07;874;Porto Alegre;Rafael Oliveira;Smartphone;Margaret Hickman;Feminino;14:36:44;2;3000,0;Pix
2026-09-07;973;Porto Alegre;Rafael Oliveira;Tablet;Geraldine Still;Masculino;17:49:45;1;1200,0;Dinheiro
2026-09-07;1075;São Paulo;Aline Maria;Fone de Ouvido;Ed Mccormack;Masculino;17:32:46;5;1250,0;Cartão de Crédito
2026-09-07;1366;Rio de Janeiro;Carla Souza;Smartwatch;Marilyn Rodriguez;Masculino;07:26:48;5;4000,0;Pix
2026-09-07;1680;Porto Alegre;Mariana Lima;Smartphone;Sheila Hindle;Feminino;23:05:50;4;6000,0;Cartão de Crédito
2026-09-07;1730;Belo Horizonte;Fernando Alves;Smartphone;Geraldine Johnson;Feminino;01:22:50;2;3000,0;Boleto
2026-09-07;1985;Salvador;Juliana Santos;Notebook;James Chol;Feminino;20:25:52;5;17500,0;Cartão de Crédito
2026-09-08;242;Belo Horizonte;Fernando Alves;Fone de Ouvido;Robert Hoemann;Masculino;12:56:40;3;750,0;Pix
2026-09-08;615;Salvador;Juliana Santos;Notebook;Jeffery Hahl;Feminino;22:24:43;2;7000,0;Pix
2026-09-08;616;Rio de Janeiro;Carla Souza;Smartphone;Christine Seeley;Feminino;06:31:43;5;7500,0;Dinheiro
2026-09-08;942;Salvador;Thiago Pereira;Tablet;Patricia Zee;Feminino;07:56:45;1;1200,0;Boleto
2026-09-08;1757;Rio de Janeiro;Bruno Costa;Smartwatch;Hannah Lemen;Masculino;02:45:50;3;2400,0;Pix
2026-09-08;1911;Rio de Janeiro;Bruno Costa;Notebook;Mildred Finley;Masculino;15:12:51;3;10500,0;Dinheiro
2026-09-09;369;São Paulo;Aline Maria;Fone de Ouvido;Danielle Mcnally;Feminino;10:16:41;5;1250,0;Dinheiro
2026-09-09;641;Belo Horizonte;Fernando Alves;Tablet;Shannon Conover;Masculino;13:58:43;3;3600,0;Boleto
2026-09-09;1086;Rio de Janeiro;Bruno Costa;Notebook;Linda Bruce;Feminino;09:02:46;1;3500,0;Boleto
2026-09-09;1414;Rio de Janeiro;Carla Souza;Smartphone;Terry Newton;Feminino;12:17:48;4;6000,0;Pix
2026-09-09;1617;Belo Horizonte;Ana Paula;Tablet;Hollis Hall;Feminino;14:11:50;3;3600,0;Boleto
2026-09-09;1843;Belo Horizonte;Ana Paula;Smartphone;Rufus Wheeler;Feminino;23:22:51;5;7500,0;Cartão de Crédito
2026-09-09;1882;Salvador;Juliana Santos;Fone de Ouvido;Lynn Schechter;Masculino;19:19:51;3;750,0;Pix
2026-09-10;65;Porto Alegre;Mariana Lima;Smartwatch;Rico Chalk;Feminino;14:43:39;5;4000,0;Cartão de Crédito
2026-09-10;960;Salvador;Juliana Santos;Smartwatch;Priscilla Speight;Feminino;20:28:45;1;800,0;Boleto
2026-09-10;1052;Porto Alegre;Mariana Lima;Fone de Ouvido;Linda Jefferson;Masculino;01:44:45;4;1000,0;Boleto
2026-09-11;2;Rio de Janeiro;Bruno Costa;Fone de Ouvido;Samuel Allen;Feminino;06:54:39;1;250,0;Dinheiro
2026-09-11;88;Salvador;Juliana Santos;Smartphone;Maria Smith;Feminino;03:30:39;4;6000,0;Pix
2026-09-11;93;Porto Alegre;Rafael Oliveira;Smartphone;Dawn Mackey;Feminino;23:32:39;3;4500,0;Dinheiro
2026-09-11;868;Belo Horizonte;Fernando Alves;Smartphone;Donna Howe;Feminino;06:34:44;1;1500,0;Cartão de Crédito
2026-09-11;1244;Rio de Janeiro;Carla Souza;Tablet;Rachel Carmichael;Masculino;12:57:47;5;6000,0;Boleto
2026-09-11;1751;São Paulo;Lucas Silva;Smartphone;Helen Rodriguez;Masculino;16:32:50;3;4500,0;Dinheiro
2026-09-12;100;Belo Horizonte;Fernando Alves;Notebook;Edith Chan;Feminino;16:20:39;1;3500,0;Dinheiro
2026-09-12;196;São Paulo;Aline Maria;Smartphone;Jay Glass;Masculino;12:12:40;1;1500,0;Pix
2026-09-12;841;Salvador;Thiago Pereira;Tablet;Christopher Wolchesky;Feminino;17:58:44;4;4800,0;Dinheiro
2026-09-12;1339;São Paulo;Lucas Silva;Fone de Ouvido;Rickey Tambe;Feminino;19:54:48;3;750,0;Cartão de Crédito
2026-09-12;1357;Rio de Janeiro;Carla Souza;Fone de Ouvido;Terry Semien;Feminino;16:41:48;3;750,0;Boleto
2026-09-12;1376;Porto Alegre;Rafael Oliveira;Tablet;Kelly Hinton;Feminino;14:29:48;2;2400,0;Dinheiro
2026-09-12;1554;Rio de Janeiro;Carla Souza;Smartphone;Robert Herron;Feminino;15:06:49;2;3000,0;Boleto
2026-09-13;279;Porto Alegre;Mariana Lima;Smartwatch;Don Stoller;Masculino;07:29:40;4;3200,0;Boleto
2026-09-13;300;Salvador;Juliana Santos;Tablet;Anissa Alonzo;Feminino;13:06:41;2;2400,0;Pix
2026-09-13;561;São Paulo;Lucas Silva;Smartwatch;Samantha Scarbrough;Feminino;21:50:42;1;800,0;Boleto
2026-09-13;739;Porto Alegre;Mariana Lima;Notebook;Dolores Dodson;Feminino;18:13:43;2;7000,0;Boleto
2026-09-13;790;Belo Horizonte;Fernando Alves;Tablet;John Stackhouse;Masculino;00:05:44;5;6000,0;Cartão de Crédito
2026-09-13;1024;Salvador;Thiago Pereira;Notebook;Stephanie Smith;Feminino;04:52:45;2;7000,0;Pix
2026-09-13;1240;Salvador;Thiago Pereira;Smartphone;Scott Vale;Feminino;13:55:47;5;7500,0;Boleto
2026-09-13;1436;Porto Alegre;Mariana Lima;Smartwatch;Debbie Pack;Masculino;15:48:48;2;1600,0;Pix
2026-09-13;1474;Rio de Janeiro;Carla Souza;Notebook;Jessica Heaberlin;Masculino;18:52:49;3;10500,0;Pix
2026-09-13;1725;São Paulo;Aline Maria;Smartwatch;Dorothy Quirarte;Feminino;05:03:50;2;1600,0;Pix
2026-09-13;1830;Porto Alegre;Mariana Lima;Smartphone;Terry Buchner;Feminino;00:16:51;5;7500,0;Cartão de Crédito
2026-09-13;1848;Belo Horizonte;Fernando Alves;Smartwatch;John Menden;Masculino;20:54:51;1;800,0;Boleto
2026-09-14;545;Rio de Janeiro;Bruno Costa;Fone de Ouvido;Max Davis;Feminino;23:07:42;2;500,0;Boleto
2026-09-14;812;Salvador;Juliana Santos;Tablet;Mary Washinski;Masculino;23:43:44;4;4800,0;Cartão de Crédito
2026-09-14;1112;Rio de Janeiro;Carla Souza;Notebook;Rosa Mohammad;Masculino;17:05:46;5;17500,0;Boleto
2026-09-14;1803;Rio de Janeiro;Carla Souza;Smartwatch;Verna Robertson;Masculino;12:16:51;3;2400,0;Boleto
2026-09-15;188;Salvador;Juliana Santos;Tablet;Ruby Ballew;Masculino;18:58:40;3;3600,0;Pix
2026-09-15;532;Belo Horizonte;Ana Paula;Smartphone;Phyllis Yoder;Feminino;03:33:42;3;4500,0;Dinheiro
2026-09-15;657;Salvador;Thiago Pereira;Tablet;Brian Noggler;Masculino;18:36:43;3;3600,0;Pix
2026-09-15;674;Porto Alegre;Mariana Lima;Notebook;Nerissa Shapiro;Feminino;05:24:43;2;7000,0;Boleto
2026-09-15;979;Salvador;Juliana Santos;Fone de Ouvido;Gary Wager;Masculino;17:33:45;3;750,0;Cartão de Crédito
2026-09-15;1122;Porto Alegre;Mariana Lima;Tablet;Laura Gummer;Feminino;12:24:46;1;1200,0;Dinheiro
2026-09-15;1487;Salvador;Thiago Pereira;Tablet;Michael Brimmer;Masculino;23:15:49;2;2400,0;Dinheiro
2026-09-15;1900;Belo Horizonte;Fernando Alves;Smartphone;Robert Bingham;Feminino;18:10:51;1;1500,0;Pix
2026-09-16;211;Salvador;Juliana Santos;Smartphone;Robert Dillon;Masculino;21:24:40;4;6000,0;Cartão de Crédito
2026-09-16;902;Rio de Janeiro;Carla Souza;Smartphone;Kelley Sweet;Feminino;08:51:44;5;7500,0;Boleto
2026-09-16;1269;Salvador;Juliana Santos;Smartwatch;James Corbett;Feminino;14:26:47;2;1600,0;Dinheiro
2026-09-16;1316;São Paulo;Lucas Silva;Fone de Ouvido;Madeline Lewis;Masculino;19:46:48;1;250,0;Pix
2026-09-16;1624;Porto Alegre;Mariana Lima;Smartwatch;Connie Julian;Feminino;20:55:50;1;800,0;Cartão de Crédito
2026-09-17;497;Rio de Janeiro;Bruno Costa;Smartwatch;Melanie Wildes;Feminino;02:32:42;5;4000,0;Dinheiro
2026-09-17;646;Belo Horizonte;Ana Paula;Fone de Ouvido;Melvin Fugate;Masculino;04:41:43;1;250,0;Dinheiro
2026-09-17;751;São Paulo;Lucas Silva;Tablet;Vivian Hernandez;Feminino;11:26:44;4;4800,0;Cartão de Crédito
2026-09-17;801;São Paulo;Lucas Silva;Tablet;Nancy Johnson;Feminino;02:55:44;1;1200,0;Dinheiro
2026-09-17;1727;Rio de Janeiro;Carla Souza;Smartphone;Andrew Oberlin;Feminino;01:55:50;2;3000,0;Dinheiro
2026-09-18;240;Salvador;Thiago Pereira;Smartwatch;Hazel Newman;Masculino;05:15:40;4;3200,0;Cartão de Crédito
2026-09-18;401;Salvador;Juliana Santos;Smartphone;Paul Lewis;Masculino;20:35:41;1;1500,0;Dinheiro
2026-09-18;572;Salvador;Thiago Pereira;Smartphone;Roger Winstead;Masculino;17:15:42;3;4500,0;Dinheiro
2026-09-18;1191;Rio de Janeiro;Bruno Costa;Smartwatch;Leslie Patterson;Feminino;16:14:47;1;800,0;Pix
2026-09-18;1274;Salvador;Juliana Santos;Tablet;Maurice Mau;Feminino;22:59:47;5;6000,0;Pix
2026-09-18;1367;Porto Alegre;Mariana Lima;Smartphone;Norberto Gerard;Masculino;22:19:48;3;4500,0;Pix
